﻿<?xml version="1.0" encoding="utf-8"?><HelpTOCNode Title="GameController Methods" Url="html/1c73c7db-5b16-43a8-fa84-b58aefe78584.htm"><HelpTOCNode Title="busted Method " Url="html/b7039d7a-5f97-8f44-31cf-2eb029fa29b5.htm" /><HelpTOCNode Title="deal Method " Url="html/4d650912-dff9-5206-82e0-ae360cdaa665.htm" /><HelpTOCNode Title="dealerHit Method " Url="html/5fd93820-d61f-f7cf-d341-ceaf43e05c6b.htm" /><HelpTOCNode Title="gameOverState Method " Url="html/cf38c527-1d1d-b89a-c84a-cf461b03ce4e.htm" /><HelpTOCNode Title="getBet Method " Url="html/f84bef32-01d5-b0de-a16c-63f5fae67462.htm" /><HelpTOCNode Title="getData Method " Url="html/9f69b38e-2c48-c943-5047-a241e29f6588.htm" /><HelpTOCNode Title="getDealer Method " Url="html/8f2d9ed9-90b1-cd26-8ebe-b0ac84b91858.htm" /><HelpTOCNode Title="getPlayer Method " Url="html/7dd6a3a2-bbd5-2b7b-071b-8defb5fb08f8.htm" /><HelpTOCNode Title="hit Method " Url="html/6e880a0b-03fe-830a-e515-8a34e2cbebdf.htm" /><HelpTOCNode Title="hitOrStay Method " Url="html/f336e51b-6072-238f-b36b-76cfa18bf0d6.htm" /><HelpTOCNode Title="play Method " Url="html/93fa5f86-094c-c3b4-1cca-1868420e51f1.htm" /><HelpTOCNode Title="sendData Method " Url="html/6e63018b-480a-5b03-42bf-78e03c17289e.htm" /><HelpTOCNode Title="setDealer Method " Url="html/af41364b-6c8a-4923-9cbe-c0f7a89a1792.htm" /><HelpTOCNode Title="setDeck Method " Url="html/c0ce8194-2175-c614-1356-c8addedd48da.htm" /><HelpTOCNode Title="setDefaultPlayer Method " Url="html/95a622fb-f260-af76-d10b-e93cbeb350de.htm" /><HelpTOCNode Title="setNewDeck Method " Url="html/a2dde0d2-0325-b199-a8dc-008276287e20.htm" /><HelpTOCNode Title="setPot Method " Url="html/6189fc4f-9e1b-21fa-cd50-a350c8bb0500.htm" /><HelpTOCNode Title="startPlaying Method " Url="html/27d3842b-86d1-3e33-9ea1-6cb28adfd574.htm" /><HelpTOCNode Title="test Method " Url="html/64128794-2818-4ac3-f632-d595e9ea0438.htm" /></HelpTOCNode>