﻿<?xml version="1.0" encoding="utf-8"?><HelpTOCNode Title="TransferManager Methods" Url="html/5c36d005-fcd7-81ea-7935-cd2650e8c931.htm"><HelpTOCNode Title="addFrameReporter Method " Url="html/b6f30f2c-ce8a-b103-7728-5fb821f6d640.htm" /><HelpTOCNode Title="addTagListener Method " Url="html/394c62f3-4674-9c80-c9c9-d480293e6ffa.htm" /><HelpTOCNode Title="addTouchListener Method " Url="html/1a69e643-1920-7781-d853-1a2017d916e1.htm" /><HelpTOCNode Title="Blackout Method " Url="html/76e7c9cf-5b89-1f73-29bf-2b5fb03eb649.htm" /><HelpTOCNode Title="calculateByte Method " Url="html/d2e9dd18-4f61-aff6-9704-efeb2acf66e4.htm" /><HelpTOCNode Title="doubleBuffer Method " Url="html/f66f2ed2-f482-cf94-86a2-ee8de831a309.htm" /><HelpTOCNode Title="feedback Method " Url="html/d6130292-8e30-fa74-ccbb-2deed7a9d828.htm" /><HelpTOCNode Title="formHeader Method " Url="html/0fa3e5f2-ad36-ddd7-b189-a6d21d390ce0.htm" /><HelpTOCNode Title="isLynxAvailable Method " Url="html/eb6b5db4-5b43-f74f-49ac-8ca5711121f2.htm" /><HelpTOCNode Title="onFrameReported Method " Url="html/6f4bbff6-e64e-4c78-b8a2-5efbe0dac7a6.htm" /><HelpTOCNode Title="onTagAdded Method " Url="html/c56cef21-0dc2-61e4-2553-4d325e9bce48.htm" /><HelpTOCNode Title="onTagMoved Method " Url="html/f556f44d-691c-ceb3-e4cd-642bdc0290cc.htm" /><HelpTOCNode Title="onTagRemoved Method " Url="html/9a20fd9c-3713-3d6d-d7df-dd8134982406.htm" /><HelpTOCNode Title="push Method " Url="html/3b870b69-125c-b003-19be-51ae893c1414.htm" HasChildren="true" /><HelpTOCNode Title="receive Method " Url="html/36e8d557-45f1-55ab-b42a-34c06a619364.htm" /><HelpTOCNode Title="send Method " Url="html/45a7b338-ae2d-ec8f-16e5-f1d7973e9cb4.htm" /><HelpTOCNode Title="translateBinary Method " Url="html/83301d6e-6f76-5aac-f19c-8ee7aa97a06a.htm" /></HelpTOCNode>