﻿<?xml version="1.0" encoding="utf-8"?><HelpTOCNode Title="MainWindow Methods" Url="html/6da43790-ee0b-b1df-14d0-01cb0ff3ca40.htm"><HelpTOCNode Title="IComponentConnector.Connect Method " Url="html/c3908486-a241-6919-b039-92dea3d96968.htm" /><HelpTOCNode Title="AddWindowAvailabilityHandlers Method " Url="html/1c142310-c33f-8a6e-9e74-488abf84e1aa.htm" /><HelpTOCNode Title="ClearCards Method " Url="html/bdf23fd6-c4a9-b717-1369-29cb74416b12.htm" /><HelpTOCNode Title="constructBin Method " Url="html/39462047-0c5a-c430-42fe-649dd0715712.htm" /><HelpTOCNode Title="ConvertToBinary Method " Url="html/f2faca09-6536-0d09-2027-b553ca88c3c0.htm" /><HelpTOCNode Title="drawboxes Method " Url="html/668b77cc-9851-b544-a41a-66066fb38c81.htm" /><HelpTOCNode Title="GetBytesFromBinaryString Method " Url="html/f0b85e36-e42e-69fb-2cd1-5a6065455594.htm" /><HelpTOCNode Title="HandleEsc Method " Url="html/ba534842-4752-8208-e31f-f58d7bff5f8b.htm" /><HelpTOCNode Title="Init Method " Url="html/efe35a08-613e-1483-9a77-4111191c5e1e.htm" /><HelpTOCNode Title="InitializeComponent Method " Url="html/042feedc-8e09-45e7-7703-b5771d282b6f.htm" /><HelpTOCNode Title="OnClosed Method " Url="html/98768422-6904-8d48-fece-d76c92bab928.htm" /><HelpTOCNode Title="onReceivedData Method " Url="html/a50409fe-7dd3-4ad7-a819-e857a64ded99.htm" /><HelpTOCNode Title="OnVisualizationAdded Method " Url="html/8ce2bc5e-e440-0e3e-4f96-9eced5ab8c61.htm" /><HelpTOCNode Title="OnVisualizationMoved Method " Url="html/8d9eaf8c-6d59-4bc4-8014-0638bd77bad6.htm" /><HelpTOCNode Title="OnVisualizationRemoved Method " Url="html/8d01a21c-80eb-d463-a250-e7e00a85c6c8.htm" /><HelpTOCNode Title="OnWindowInteractive Method " Url="html/e90432fd-7445-06f7-f168-8f67f67d084c.htm" /><HelpTOCNode Title="OnWindowNoninteractive Method " Url="html/eb5b715d-b950-5dc9-abb2-c97d118e4686.htm" /><HelpTOCNode Title="OnWindowUnavailable Method " Url="html/8f0bc072-b8b2-f0ca-dad6-68598632e69e.htm" /><HelpTOCNode Title="RemoveWindowAvailabilityHandlers Method " Url="html/e7aaa8af-f455-7f1c-f796-4631d904925b.htm" /><HelpTOCNode Title="sendData Method " Url="html/b347ce09-641f-9fd3-39de-0c50dae5d96e.htm" /><HelpTOCNode Title="start_button_Click Method " Url="html/5c250805-df16-1c93-e123-b6b8efbc0ca0.htm" /><HelpTOCNode Title="timer_Tick Method " Url="html/8018b40f-39ac-64f7-9c79-37b655f21348.htm" /><HelpTOCNode Title="Touch_FrameReported Method " Url="html/15df8a1e-78c3-d333-46e4-36f6b831a95b.htm" /><HelpTOCNode Title="transferStringBuilder Method " Url="html/ec46a15d-1b12-dd58-371d-fdefc332b214.htm" /></HelpTOCNode>