﻿<?xml version="1.0" encoding="utf-8"?><HelpTOCNode Title="Card Methods" Url="html/96fca056-a3e3-ce68-6a5a-505b9fa949f5.htm"><HelpTOCNode Title="getFace Method " Url="html/8a249881-5fef-aa76-e160-ce0cddf875dd.htm" /><HelpTOCNode Title="getImage Method " Url="html/b3de56be-e44c-142f-c2e2-ee10ab9f6c7a.htm" /><HelpTOCNode Title="getSuit Method " Url="html/8612fdc6-cee6-ca08-c37e-cf758c90e661.htm" /><HelpTOCNode Title="getValue Method " Url="html/604801cd-fa21-702c-2757-a071542a3e53.htm" /><HelpTOCNode Title="setFace Method " Url="html/6b36ba4d-01d9-4610-63c8-6a8a78a1e4cf.htm" /><HelpTOCNode Title="setSuit Method " Url="html/ad4b026f-f7dc-7316-3169-8879c2b1e009.htm" /><HelpTOCNode Title="setValue Method " Url="html/55009aa5-b9b1-2e48-29b9-7ee4ba7572af.htm" /><HelpTOCNode Title="toString Method " Url="html/3dd2777f-b81a-e0fc-8c61-f113065e29d6.htm" /></HelpTOCNode>