﻿<?xml version="1.0" encoding="utf-8"?><HelpTOCNode Title="MainWindow Fields" Url="html/a7294195-3ebf-fc82-3ec6-97c3b7832f01.htm"><HelpTOCNode Title="_contentLoaded Field" Url="html/25ca4d94-81ba-ef96-99fc-870ab84397e5.htm" /><HelpTOCNode Title="AllPoints Field" Url="html/d7ef5219-65e0-bc3c-8a05-28dc52b686f6.htm" /><HelpTOCNode Title="betAmount Field" Url="html/67cf7d7f-f6a0-4955-bc5c-4d5005c90d46.htm" /><HelpTOCNode Title="binArray Field" Url="html/faa7227e-1ee5-3a65-4905-27c75cfa110a.htm" /><HelpTOCNode Title="binaryList Field" Url="html/83e57cb1-9cfa-21c2-ca8b-c21bc87f9e12.htm" /><HelpTOCNode Title="button0 Field" Url="html/f91ee520-f75c-228e-f6a3-b9034b84c592.htm" /><HelpTOCNode Title="canvas Field" Url="html/4bf29898-4de0-5550-86c7-d178dcf039df.htm" /><HelpTOCNode Title="cardCounter Field" Url="html/a67d54e6-6850-dc66-ad30-c2f44846ea31.htm" /><HelpTOCNode Title="cardList Field" Url="html/a25b3e35-bcfa-9158-b84e-8e4ce68eae48.htm" /><HelpTOCNode Title="chipLabel Field" Url="html/23d624af-6142-8c7f-ad23-1f1eb17d0b57.htm" /><HelpTOCNode Title="command Field" Url="html/5665bf37-2ab2-149e-4a55-50f7f94d93ff.htm" /><HelpTOCNode Title="controller Field" Url="html/9437d509-77b8-93c9-17bd-28fd00ae4684.htm" /><HelpTOCNode Title="counter Field" Url="html/2878c83a-21b9-66d3-f713-108d3eebb851.htm" /><HelpTOCNode Title="dealer Field" Url="html/ff5ba633-eb6b-af07-516f-d8d1fe00cfe4.htm" /><HelpTOCNode Title="flashDist Field" Url="html/246ddf05-66fe-32c9-ebc6-2eaa4d1590bd.htm" /><HelpTOCNode Title="flip Field" Url="html/26710884-7d9b-0753-feda-71f20dddc470.htm" /><HelpTOCNode Title="imgArray Field" Url="html/10cd9441-a7a6-e128-6780-2d791dbf8458.htm" /><HelpTOCNode Title="labels Field" Url="html/1736bbff-95f7-0ce3-222b-79eef6b0974d.htm" /><HelpTOCNode Title="lbl1 Field" Url="html/d96a2b99-89b2-3163-aae9-dd45b82f1196.htm" /><HelpTOCNode Title="lbl2 Field" Url="html/3d63f8b0-19a6-9741-5416-b482c4e7c311.htm" /><HelpTOCNode Title="lbl3 Field" Url="html/e9fc0fb1-2b7b-6b3c-5cdc-815ad4b152e8.htm" /><HelpTOCNode Title="lbl4 Field" Url="html/8948f33d-0fd2-181a-bfa0-b9b2c93672d3.htm" /><HelpTOCNode Title="lbl5 Field" Url="html/f6bd473a-2e7b-4f18-7085-c7f3dd0c6859.htm" /><HelpTOCNode Title="lbl6 Field" Url="html/182170c9-f81a-1d61-4532-602561502775.htm" /><HelpTOCNode Title="lbl7 Field" Url="html/96027020-ef3f-99d6-e92f-43c35e2bb072.htm" /><HelpTOCNode Title="lbl8 Field" Url="html/dffb3e63-0a62-62bd-65d0-f0b74161e0d9.htm" /><HelpTOCNode Title="lineList Field" Url="html/6a2fd776-8f16-fd50-b679-c562640ae1aa.htm" /><HelpTOCNode Title="lineList2 Field" Url="html/9be69e8b-bf20-7d7b-f345-bbf5c60f8569.htm" /><HelpTOCNode Title="loadingImg Field" Url="html/cd65d89e-8fef-3d46-f2c3-5b6866b66d6a.htm" /><HelpTOCNode Title="LynxRect Field" Url="html/a31291ac-8b0a-2946-5849-55a4375c3cb1.htm" /><HelpTOCNode Title="myGrid Field" Url="html/2a0108aa-53bf-9d8e-6691-b8a07787bab0.htm" /><HelpTOCNode Title="myTag Field" Url="html/ea1a3d1d-2fd0-d49c-4853-b3424fc26eef.htm" /><HelpTOCNode Title="orientation Field" Url="html/51dc760a-eed2-abcf-9c09-f08f2ec36428.htm" /><HelpTOCNode Title="player Field" Url="html/9b59eba9-5f5a-768f-3a69-655291d19208.htm" /><HelpTOCNode Title="pot Field" Url="html/3cce7b2c-668e-dbc3-c153-6a086dcceca0.htm" /><HelpTOCNode Title="potLabel Field" Url="html/b9509b86-85fd-2721-9cd5-2aa08b42ed8b.htm" /><HelpTOCNode Title="sPanel Field" Url="html/4f10e26b-4395-9025-5dbd-abe119156fee.htm" /><HelpTOCNode Title="str Field" Url="html/d293682a-6939-b8ec-6263-168cf34ec211.htm" /><HelpTOCNode Title="temp Field" Url="html/27527c34-2026-7554-6504-32aa0bf5392b.htm" /><HelpTOCNode Title="temp1 Field" Url="html/060bc867-26af-3c86-c348-1e604329e1b4.htm" /><HelpTOCNode Title="textBox Field" Url="html/c2e3dd29-96d2-2189-ab33-e56c86fcb11a.htm" /><HelpTOCNode Title="TheTimer Field" Url="html/ca2d87a4-2106-369f-9fb3-f3c43086b012.htm" /><HelpTOCNode Title="welcomeFlag Field" Url="html/83675298-924c-c3f1-1b4c-9dde7271fe93.htm" /><HelpTOCNode Title="x1AxisRecieveUpdated Field" Url="html/5e3fcdae-cd38-6cb3-e1ba-8607fbb95bc6.htm" /><HelpTOCNode Title="xAxisRecieve Field" Url="html/02cb35fa-4935-0faa-b7a5-284bcfdeaa7c.htm" /><HelpTOCNode Title="xAxisSend Field" Url="html/0c052d9f-7039-d0dd-7242-8d1db3d21f8e.htm" /><HelpTOCNode Title="xAxisTag Field" Url="html/4bb9f30c-892c-97e3-cc5e-a50c5ca5c1d4.htm" /><HelpTOCNode Title="xLoc Field" Url="html/42884454-5d58-3c2b-0561-91f5fd993888.htm" /><HelpTOCNode Title="y1AxisRecieveUpdated Field" Url="html/5801159c-f197-97d5-bf57-399255040e7e.htm" /><HelpTOCNode Title="yAxisRecieve Field" Url="html/5dfc476a-f1e9-8f28-4b7e-bb7fe642c9f4.htm" /><HelpTOCNode Title="yAxisSend Field" Url="html/c0835272-39f3-3a54-b546-3822af48d81a.htm" /><HelpTOCNode Title="yAxisTag Field" Url="html/89da513d-c78c-b463-d787-81447015ca24.htm" /></HelpTOCNode>