﻿<?xml version="1.0" encoding="utf-8"?><HelpTOCNode Title="Lynx Properties" Url="html/ab387e8f-6380-8812-70bc-58bdb07ff4cd.htm"><HelpTOCNode Title="distance Property " Url="html/c24dbd0f-98c8-7ab5-6108-3e784aeac95f.htm" /><HelpTOCNode Title="heading Property " Url="html/4d748867-9211-924c-8290-5597cb2425a5.htm" /><HelpTOCNode Title="id Property " Url="html/0a85a4ca-8bdc-562a-7509-436f3fb2cef9.htm" /><HelpTOCNode Title="tagX Property " Url="html/5720c1b4-843d-81a9-fc27-d6e994c083b6.htm" /><HelpTOCNode Title="tagY Property " Url="html/09e05e2b-1dcb-5aba-4453-fdc6249650b0.htm" /><HelpTOCNode Title="xRecFirst Property " Url="html/51cc3460-8250-13b3-ed96-d01af5684fe4.htm" /><HelpTOCNode Title="xSendFirst Property " Url="html/ba8f9d2c-cfd9-03c5-f897-b32f2f9e1c94.htm" /><HelpTOCNode Title="yRecFirst Property " Url="html/f8ec72f2-c348-2e9f-112d-8fd88afd8b67.htm" /><HelpTOCNode Title="ySendFirst Property " Url="html/240bcb56-4f6e-b200-7703-8daa69282cee.htm" /></HelpTOCNode>