﻿<?xml version="1.0" encoding="utf-8"?><HelpTOCNode Title="demoSoftware" Url="html/caa10f99-cfda-d491-12e6-0d0390c46f2c.htm"><HelpTOCNode Title="App Class" Url="html/2d81dd15-a024-85ff-cbeb-b2ea4fed329a.htm" HasChildren="true" /><HelpTOCNode Title="App.ApplicationInitializeDelegate Delegate" Url="html/6d8701fb-8ddf-ac0b-b056-5cd05c9286f0.htm" /><HelpTOCNode Title="Card Class" Url="html/57761b87-0584-e345-7ae7-a052b0c15afa.htm" HasChildren="true" /><HelpTOCNode Title="Deck Class" Url="html/cdc135d2-c607-72c0-f6de-9e26cdbf9da9.htm" HasChildren="true" /><HelpTOCNode Title="GameController Class" Url="html/4085065b-6a5f-a6b4-9a57-1a5d8d6ad489.htm" HasChildren="true" /><HelpTOCNode Title="Invoker Delegate" Url="html/03f5a792-57ef-ba40-d46f-17d5ad5b72be.htm" /><HelpTOCNode Title="LynxTagVisualization Class" Url="html/fae13ab6-4ea1-31dc-ecd5-584d49062937.htm" HasChildren="true" /><HelpTOCNode Title="MainWindow Class" Url="html/a1004b35-7bb2-b734-955e-507cd7425cb3.htm" HasChildren="true" /><HelpTOCNode Title="Player Class" Url="html/667d8d65-51e8-d4bd-0fc1-4f07a40a2af1.htm" HasChildren="true" /><HelpTOCNode Title="Splash Class" Url="html/e263a730-9616-79d1-9263-e935c09fcd9e.htm" HasChildren="true" /></HelpTOCNode>