﻿<?xml version="1.0" encoding="utf-8"?><HelpTOCNode Title="Player Methods" Url="html/e3fbe1e2-a0b5-7e87-3023-629ded8e3953.htm"><HelpTOCNode Title="calculateScore Method " Url="html/083b6c4d-9899-5765-de71-1a6cb8fc6ff9.htm" /><HelpTOCNode Title="dealerToString Method " Url="html/412d97b9-238c-6490-bdb6-cf4671c43409.htm" /><HelpTOCNode Title="findAce Method " Url="html/70a08c2b-a5c3-2547-a96f-55eab3a1fef8.htm" /><HelpTOCNode Title="getHand Method " Url="html/e585a0df-f273-7309-fac1-66e608d23aee.htm" /><HelpTOCNode Title="getID Method " Url="html/8dd75dd5-ef46-e5b9-7f80-2828ecf1ad95.htm" /><HelpTOCNode Title="getScore Method " Url="html/df1f7ebd-7be4-6839-47d0-e251efa2ed4f.htm" /><HelpTOCNode Title="getWallet Method " Url="html/82f16238-f62d-85e3-3e53-79cac59c944a.htm" /><HelpTOCNode Title="handString Method " Url="html/dd4b9c43-baae-1795-62a2-99cb9318b110.htm" /><HelpTOCNode Title="hasAce Method " Url="html/909e74e9-938c-2d56-7769-c9232103bfee.htm" /><HelpTOCNode Title="reset Method " Url="html/4713ca56-2b7b-d6af-a110-ab4fe59c65dd.htm" /><HelpTOCNode Title="setHand Method " Url="html/611db857-c56f-98ec-db71-de6bf547d616.htm" /><HelpTOCNode Title="setID Method " Url="html/676637f3-8d86-5b3b-7a2d-5e7367a824df.htm" /><HelpTOCNode Title="setScore Method " Url="html/14323d43-354b-8519-9237-d37a888784d3.htm" /><HelpTOCNode Title="setWallet Method " Url="html/1d562b1e-013e-6d02-377f-898f87706315.htm" /><HelpTOCNode Title="toString Method " Url="html/a85e304e-609c-61fa-f1b4-e1f830b5c5a3.htm" /></HelpTOCNode>