﻿<?xml version="1.0" encoding="utf-8"?><HelpTOCNode Title="TransferManager Fields" Url="html/e93dc2b8-afb1-07d4-2b0e-a4679effafaf.htm"><HelpTOCNode Title="checksum Field" Url="html/943ed626-e11d-4056-2f5d-1313948587f0.htm" /><HelpTOCNode Title="currentRID Field" Url="html/718fb42d-c0ad-6ec9-6220-6f295c643b33.htm" /><HelpTOCNode Title="DataReset Field" Url="html/de8d3f43-8879-c861-bdfb-0751d8aa73c7.htm" /><HelpTOCNode Title="flags Field" Url="html/3f153204-3e26-f80b-da51-29dd8f654982.htm" /><HelpTOCNode Title="grid Field" Url="html/6230abab-8819-7db7-b979-442f5a6b143b.htm" /><HelpTOCNode Title="hasRead Field" Url="html/aad698f7-c919-d168-0c94-da4c74ccc262.htm" /><HelpTOCNode Title="hasWritten Field" Url="html/62e88857-73ec-ca7c-6e5f-3b33a77958a0.htm" /><HelpTOCNode Title="headerInProgress Field" Url="html/3284ad34-4a81-badd-1f30-0bea81fc2cfb.htm" /><HelpTOCNode Title="length Field" Url="html/5a365529-4382-a8a3-ffae-bd47c9af600d.htm" /><HelpTOCNode Title="lightMatrix Field" Url="html/78dd3217-12e5-951a-8130-ab5e03541b7a.htm" /><HelpTOCNode Title="LynxAvailable Field" Url="html/f9173f4c-9d9f-f166-5bc5-852639d15621.htm" /><HelpTOCNode Title="lynxHasRead Field" Url="html/d03a8a22-691f-fc97-5624-1000617b8bc9.htm" /><HelpTOCNode Title="lynxHasWritten Field" Url="html/9145b578-3b75-155a-6928-a7ff970e0173.htm" /><HelpTOCNode Title="offset Field" Url="html/eb12418b-904c-e19f-71f7-63395c178550.htm" /><HelpTOCNode Title="receiveBuffer Field" Url="html/f52f4a85-9537-8e27-72ad-f3b096b0f28f.htm" /><HelpTOCNode Title="rIndex Field" Url="html/6e1abd9e-8fd4-9abc-f090-b213090cd919.htm" /><HelpTOCNode Title="sendBuffer Field" Url="html/eebd24c7-572e-fec4-d8c1-285bb84b83bc.htm" /><HelpTOCNode Title="sendingOffset Field" Url="html/44c2a728-39c6-b558-95f0-0e2962667400.htm" /><HelpTOCNode Title="sIndex Field" Url="html/c837730e-9e7a-6d93-2f9a-f0f7d53272c7.htm" /><HelpTOCNode Title="toReceive Field" Url="html/2014ec3b-6832-2631-dded-1f7ded648198.htm" /><HelpTOCNode Title="toSend Field" Url="html/d6b67889-95f3-025d-3b21-0ad6e246d85d.htm" /><HelpTOCNode Title="type Field" Url="html/0d86a8af-eda6-36c8-2962-bf1189193b4b.htm" /></HelpTOCNode>