﻿<?xml version="1.0" encoding="utf-8"?>
<HelpKI>
  <HelpKINode Title="addFrameReporter method" Url="html/b6f30f2c-ce8a-b103-7728-5fb821f6d640.htm" />
  <HelpKINode Title="addTagListener method" Url="html/394c62f3-4674-9c80-c9c9-d480293e6ffa.htm" />
  <HelpKINode Title="addTouchListener method" Url="html/1a69e643-1920-7781-d853-1a2017d916e1.htm" />
  <HelpKINode Title="AddWindowAvailabilityHandlers method" Url="html/1c142310-c33f-8a6e-9e74-488abf84e1aa.htm" />
  <HelpKINode Title="AllPoints field" Url="html/d7ef5219-65e0-bc3c-8a05-28dc52b686f6.htm" />
  <HelpKINode Title="App class">
    <HelpKINode Title="App Class" Url="html/2d81dd15-a024-85ff-cbeb-b2ea4fed329a.htm" />
    <HelpKINode Title="about App class" Url="html/2d81dd15-a024-85ff-cbeb-b2ea4fed329a.htm" />
    <HelpKINode Title="constructor" Url="html/c405b07c-0c1e-b0bd-d19f-cffd3c98e98f.htm" />
    <HelpKINode Title="events" Url="html/b726d360-fca8-d313-02fb-658adeb54340.htm" />
    <HelpKINode Title="fields" Url="html/c0b20cb7-d0f9-0f48-8281-fe5fd78b39b3.htm" />
    <HelpKINode Title="methods" Url="html/357efe6d-f855-b7a2-3283-e165cc7ef57b.htm" />
    <HelpKINode Title="properties" Url="html/28a2f814-f53e-7e6c-eee6-7d994b7f5580.htm" />
  </HelpKINode>
  <HelpKINode Title="App.App constructor" Url="html/c405b07c-0c1e-b0bd-d19f-cffd3c98e98f.htm" />
  <HelpKINode Title="App.ApplicationInitialize field" Url="html/483e5702-e6e1-ea05-ddc9-ebfe338f3784.htm" />
  <HelpKINode Title="App.ApplicationInitializeDelegate delegate" Url="html/6d8701fb-8ddf-ac0b-b056-5cd05c9286f0.htm" />
  <HelpKINode Title="App.Current property" Url="html/020f08ba-a6b9-b9e0-f1a7-53f8de23029f.htm" />
  <HelpKINode Title="App.InitializeComponent method" Url="html/f362e361-ad92-ab68-5667-93772827d20f.htm" />
  <HelpKINode Title="App.Main method" Url="html/10397f13-cd2f-5a15-bcd9-8b7bada6dea9.htm" />
  <HelpKINode Title="App._applicationInitialize method" Url="html/e56a4ed5-0262-f079-6aae-1d736f5218b4.htm" />
  <HelpKINode Title="App._contentLoaded field" Url="html/04cb0847-2070-c7f5-e006-8bd136db386a.htm" />
  <HelpKINode Title="ApplicationInitialize field" Url="html/483e5702-e6e1-ea05-ddc9-ebfe338f3784.htm" />
  <HelpKINode Title="betAmount field" Url="html/67cf7d7f-f6a0-4955-bc5c-4d5005c90d46.htm" />
  <HelpKINode Title="binArray field" Url="html/faa7227e-1ee5-3a65-4905-27c75cfa110a.htm" />
  <HelpKINode Title="binaryList field" Url="html/83e57cb1-9cfa-21c2-ca8b-c21bc87f9e12.htm" />
  <HelpKINode Title="Blackout method" Url="html/76e7c9cf-5b89-1f73-29bf-2b5fb03eb649.htm" />
  <HelpKINode Title="busted method" Url="html/b7039d7a-5f97-8f44-31cf-2eb029fa29b5.htm" />
  <HelpKINode Title="button0 field" Url="html/f91ee520-f75c-228e-f6a3-b9034b84c592.htm" />
  <HelpKINode Title="calculateByte method" Url="html/d2e9dd18-4f61-aff6-9704-efeb2acf66e4.htm" />
  <HelpKINode Title="CalculatedChecksum property" Url="html/39091b0a-6327-402f-4b29-563d70dce604.htm" />
  <HelpKINode Title="calculateScore method" Url="html/083b6c4d-9899-5765-de71-1a6cb8fc6ff9.htm" />
  <HelpKINode Title="canvas field" Url="html/4bf29898-4de0-5550-86c7-d178dcf039df.htm" />
  <HelpKINode Title="Card class">
    <HelpKINode Title="Card Class" Url="html/57761b87-0584-e345-7ae7-a052b0c15afa.htm" />
    <HelpKINode Title="about Card class" Url="html/57761b87-0584-e345-7ae7-a052b0c15afa.htm" />
    <HelpKINode Title="constructor" Url="html/4ba87ef2-29c1-d105-f4fa-fa44de34acb8.htm" />
    <HelpKINode Title="fields" Url="html/9790c491-5208-8e98-584a-506f0434b187.htm" />
    <HelpKINode Title="methods" Url="html/96fca056-a3e3-ce68-6a5a-505b9fa949f5.htm" />
  </HelpKINode>
  <HelpKINode Title="Card.Card constructor" Url="html/4ba87ef2-29c1-d105-f4fa-fa44de34acb8.htm" />
  <HelpKINode Title="Card.face field" Url="html/217748a7-64d0-3ef8-1c2a-4d97d6b31f79.htm" />
  <HelpKINode Title="Card.getFace method" Url="html/8a249881-5fef-aa76-e160-ce0cddf875dd.htm" />
  <HelpKINode Title="Card.getImage method" Url="html/b3de56be-e44c-142f-c2e2-ee10ab9f6c7a.htm" />
  <HelpKINode Title="Card.getSuit method" Url="html/8612fdc6-cee6-ca08-c37e-cf758c90e661.htm" />
  <HelpKINode Title="Card.getValue method" Url="html/604801cd-fa21-702c-2757-a071542a3e53.htm" />
  <HelpKINode Title="Card.setFace method" Url="html/6b36ba4d-01d9-4610-63c8-6a8a78a1e4cf.htm" />
  <HelpKINode Title="Card.setSuit method" Url="html/ad4b026f-f7dc-7316-3169-8879c2b1e009.htm" />
  <HelpKINode Title="Card.setValue method" Url="html/55009aa5-b9b1-2e48-29b9-7ee4ba7572af.htm" />
  <HelpKINode Title="Card.suit field" Url="html/cb8ffd25-3b5e-bdfd-0dce-847e3a895eaa.htm" />
  <HelpKINode Title="Card.toString method" Url="html/3dd2777f-b81a-e0fc-8c61-f113065e29d6.htm" />
  <HelpKINode Title="Card.value field" Url="html/a81a0f3e-cd45-ff8d-6b92-af881dfe44e6.htm" />
  <HelpKINode Title="cardCounter field" Url="html/a67d54e6-6850-dc66-ad30-c2f44846ea31.htm" />
  <HelpKINode Title="cardList field" Url="html/a25b3e35-bcfa-9158-b84e-8e4ce68eae48.htm" />
  <HelpKINode Title="ccheck field" Url="html/40e27a64-0c21-82f0-a29c-f1d4603428a1.htm" />
  <HelpKINode Title="Char enumeration member" Url="html/bfc0f9b3-962c-caee-799d-79ac89a50e1e.htm" />
  <HelpKINode Title="checksum field" Url="html/943ed626-e11d-4056-2f5d-1313948587f0.htm" />
  <HelpKINode Title="chipLabel field" Url="html/23d624af-6142-8c7f-ad23-1f1eb17d0b57.htm" />
  <HelpKINode Title="ClearCards method" Url="html/bdf23fd6-c4a9-b717-1369-29cb74416b12.htm" />
  <HelpKINode Title="command field" Url="html/5665bf37-2ab2-149e-4a55-50f7f94d93ff.htm" />
  <HelpKINode Title="constructBin method" Url="html/39462047-0c5a-c430-42fe-649dd0715712.htm" />
  <HelpKINode Title="controller field" Url="html/9437d509-77b8-93c9-17bd-28fd00ae4684.htm" />
  <HelpKINode Title="ConvertToBinary method" Url="html/f2faca09-6536-0d09-2027-b553ca88c3c0.htm" />
  <HelpKINode Title="counter field" Url="html/2878c83a-21b9-66d3-f713-108d3eebb851.htm" />
  <HelpKINode Title="Current property" Url="html/020f08ba-a6b9-b9e0-f1a7-53f8de23029f.htm" />
  <HelpKINode Title="currentRID field" Url="html/718fb42d-c0ad-6ec9-6220-6f295c643b33.htm" />
  <HelpKINode Title="data field" Url="html/f7b09269-4f8d-9c7e-1a09-288e06768d02.htm" />
  <HelpKINode Title="Data property" Url="html/3ca5db38-026f-4157-f85b-9054aa0d49b6.htm" />
  <HelpKINode Title="DataReset field" Url="html/de8d3f43-8879-c861-bdfb-0751d8aa73c7.htm" />
  <HelpKINode Title="deal method" Url="html/4d650912-dff9-5206-82e0-ae360cdaa665.htm" />
  <HelpKINode Title="dealer field">
    <HelpKINode Title="GameController.dealer Field" Url="html/1742fcf1-1950-0166-f89f-822fac58e6ad.htm" />
    <HelpKINode Title="MainWindow.dealer Field" Url="html/ff5ba633-eb6b-af07-516f-d8d1fe00cfe4.htm" />
  </HelpKINode>
  <HelpKINode Title="dealerHit method" Url="html/5fd93820-d61f-f7cf-d341-ceaf43e05c6b.htm" />
  <HelpKINode Title="dealerToString method" Url="html/412d97b9-238c-6490-bdb6-cf4671c43409.htm" />
  <HelpKINode Title="Deck class">
    <HelpKINode Title="Deck Class" Url="html/cdc135d2-c607-72c0-f6de-9e26cdbf9da9.htm" />
    <HelpKINode Title="about Deck class" Url="html/cdc135d2-c607-72c0-f6de-9e26cdbf9da9.htm" />
    <HelpKINode Title="constructor" Url="html/cf8b2dca-f7c6-2bf0-8fd8-067e07d75d84.htm" />
    <HelpKINode Title="fields" Url="html/b2c86f64-163b-a978-2e74-f5b5e5d5b1c3.htm" />
    <HelpKINode Title="methods" Url="html/e0b2fcaa-39b7-4a4c-e201-b1b4fcafd188.htm" />
  </HelpKINode>
  <HelpKINode Title="deck field" Url="html/4b10dc60-d778-80e1-2809-8ef727fa2d61.htm" />
  <HelpKINode Title="Deck.Deck constructor" Url="html/cf8b2dca-f7c6-2bf0-8fd8-067e07d75d84.htm" />
  <HelpKINode Title="Deck.deckOfCards field" Url="html/453c931f-9bae-89b5-d510-010e854c52c0.htm" />
  <HelpKINode Title="Deck.getDeck method" Url="html/35f51255-c5fb-8ab9-21bf-f5c8b52f8abe.htm" />
  <HelpKINode Title="Deck.getShuffledDeck method" Url="html/ebbeea8b-707e-dd60-3a32-056b3b01d5eb.htm" />
  <HelpKINode Title="Deck.setDeck method" Url="html/5921ac5b-b4d4-361f-5529-0f0047ebef13.htm" />
  <HelpKINode Title="Deck.toString method" Url="html/3f806d27-e710-c074-8bf3-374081cccacf.htm" />
  <HelpKINode Title="deckOfCards field" Url="html/453c931f-9bae-89b5-d510-010e854c52c0.htm" />
  <HelpKINode Title="demoSoftware namespace" Url="html/caa10f99-cfda-d491-12e6-0d0390c46f2c.htm" />
  <HelpKINode Title="demoSoftware.App class" Url="html/2d81dd15-a024-85ff-cbeb-b2ea4fed329a.htm" />
  <HelpKINode Title="demoSoftware.App.ApplicationInitializeDelegate delegate" Url="html/6d8701fb-8ddf-ac0b-b056-5cd05c9286f0.htm" />
  <HelpKINode Title="demoSoftware.Card class" Url="html/57761b87-0584-e345-7ae7-a052b0c15afa.htm" />
  <HelpKINode Title="demoSoftware.Deck class" Url="html/cdc135d2-c607-72c0-f6de-9e26cdbf9da9.htm" />
  <HelpKINode Title="demoSoftware.GameController class" Url="html/4085065b-6a5f-a6b4-9a57-1a5d8d6ad489.htm" />
  <HelpKINode Title="demoSoftware.Invoker delegate" Url="html/03f5a792-57ef-ba40-d46f-17d5ad5b72be.htm" />
  <HelpKINode Title="demoSoftware.LynxTagVisualization class" Url="html/fae13ab6-4ea1-31dc-ecd5-584d49062937.htm" />
  <HelpKINode Title="demoSoftware.MainWindow class" Url="html/a1004b35-7bb2-b734-955e-507cd7425cb3.htm" />
  <HelpKINode Title="demoSoftware.Player class" Url="html/667d8d65-51e8-d4bd-0fc1-4f07a40a2af1.htm" />
  <HelpKINode Title="demoSoftware.Splash class" Url="html/e263a730-9616-79d1-9263-e935c09fcd9e.htm" />
  <HelpKINode Title="distance property" Url="html/c24dbd0f-98c8-7ab5-6108-3e784aeac95f.htm" />
  <HelpKINode Title="Double enumeration member" Url="html/bfc0f9b3-962c-caee-799d-79ac89a50e1e.htm" />
  <HelpKINode Title="doubleBuffer method" Url="html/f66f2ed2-f482-cf94-86a2-ee8de831a309.htm" />
  <HelpKINode Title="drawboxes method" Url="html/668b77cc-9851-b544-a41a-66066fb38c81.htm" />
  <HelpKINode Title="face field" Url="html/217748a7-64d0-3ef8-1c2a-4d97d6b31f79.htm" />
  <HelpKINode Title="feedback method" Url="html/d6130292-8e30-fa74-ccbb-2deed7a9d828.htm" />
  <HelpKINode Title="findAce method" Url="html/70a08c2b-a5c3-2547-a96f-55eab3a1fef8.htm" />
  <HelpKINode Title="flags field" Url="html/3f153204-3e26-f80b-da51-29dd8f654982.htm" />
  <HelpKINode Title="flashDist field" Url="html/246ddf05-66fe-32c9-ebc6-2eaa4d1590bd.htm" />
  <HelpKINode Title="flip field" Url="html/26710884-7d9b-0753-feda-71f20dddc470.htm" />
  <HelpKINode Title="Float enumeration member" Url="html/bfc0f9b3-962c-caee-799d-79ac89a50e1e.htm" />
  <HelpKINode Title="formHeader method" Url="html/0fa3e5f2-ad36-ddd7-b189-a6d21d390ce0.htm" />
  <HelpKINode Title="GameController class">
    <HelpKINode Title="GameController Class" Url="html/4085065b-6a5f-a6b4-9a57-1a5d8d6ad489.htm" />
    <HelpKINode Title="about GameController class" Url="html/4085065b-6a5f-a6b4-9a57-1a5d8d6ad489.htm" />
    <HelpKINode Title="constructor" Url="html/3c5e790a-bdbb-8fc0-6808-458fe6fab24c.htm" />
    <HelpKINode Title="fields" Url="html/924a6016-e95e-fd68-2bfe-26286115e67f.htm" />
    <HelpKINode Title="methods" Url="html/1c73c7db-5b16-43a8-fa84-b58aefe78584.htm" />
  </HelpKINode>
  <HelpKINode Title="GameController.busted method" Url="html/b7039d7a-5f97-8f44-31cf-2eb029fa29b5.htm" />
  <HelpKINode Title="GameController.deal method" Url="html/4d650912-dff9-5206-82e0-ae360cdaa665.htm" />
  <HelpKINode Title="GameController.dealer field" Url="html/1742fcf1-1950-0166-f89f-822fac58e6ad.htm" />
  <HelpKINode Title="GameController.dealerHit method" Url="html/5fd93820-d61f-f7cf-d341-ceaf43e05c6b.htm" />
  <HelpKINode Title="GameController.deck field" Url="html/4b10dc60-d778-80e1-2809-8ef727fa2d61.htm" />
  <HelpKINode Title="GameController.GameController constructor" Url="html/3c5e790a-bdbb-8fc0-6808-458fe6fab24c.htm" />
  <HelpKINode Title="GameController.gameOverState method" Url="html/cf38c527-1d1d-b89a-c84a-cf461b03ce4e.htm" />
  <HelpKINode Title="GameController.getBet method" Url="html/f84bef32-01d5-b0de-a16c-63f5fae67462.htm" />
  <HelpKINode Title="GameController.getData method" Url="html/9f69b38e-2c48-c943-5047-a241e29f6588.htm" />
  <HelpKINode Title="GameController.getDealer method" Url="html/8f2d9ed9-90b1-cd26-8ebe-b0ac84b91858.htm" />
  <HelpKINode Title="GameController.getPlayer method" Url="html/7dd6a3a2-bbd5-2b7b-071b-8defb5fb08f8.htm" />
  <HelpKINode Title="GameController.hit method" Url="html/6e880a0b-03fe-830a-e515-8a34e2cbebdf.htm" />
  <HelpKINode Title="GameController.hitOrStay method" Url="html/f336e51b-6072-238f-b36b-76cfa18bf0d6.htm" />
  <HelpKINode Title="GameController.play method" Url="html/93fa5f86-094c-c3b4-1cca-1868420e51f1.htm" />
  <HelpKINode Title="GameController.player field" Url="html/a3e2978d-10f9-f3ca-acde-61dd73a54a63.htm" />
  <HelpKINode Title="GameController.pot field" Url="html/2eeb2214-4f1f-b44b-21ad-9100a03c7f41.htm" />
  <HelpKINode Title="GameController.sendData method" Url="html/6e63018b-480a-5b03-42bf-78e03c17289e.htm" />
  <HelpKINode Title="GameController.setDealer method" Url="html/af41364b-6c8a-4923-9cbe-c0f7a89a1792.htm" />
  <HelpKINode Title="GameController.setDeck method" Url="html/c0ce8194-2175-c614-1356-c8addedd48da.htm" />
  <HelpKINode Title="GameController.setDefaultPlayer method" Url="html/95a622fb-f260-af76-d10b-e93cbeb350de.htm" />
  <HelpKINode Title="GameController.setNewDeck method" Url="html/a2dde0d2-0325-b199-a8dc-008276287e20.htm" />
  <HelpKINode Title="GameController.setPot method" Url="html/6189fc4f-9e1b-21fa-cd50-a350c8bb0500.htm" />
  <HelpKINode Title="GameController.startPlaying method" Url="html/27d3842b-86d1-3e33-9ea1-6cb28adfd574.htm" />
  <HelpKINode Title="GameController.test method" Url="html/64128794-2818-4ac3-f632-d595e9ea0438.htm" />
  <HelpKINode Title="gameOverState method" Url="html/cf38c527-1d1d-b89a-c84a-cf461b03ce4e.htm" />
  <HelpKINode Title="getBet method" Url="html/f84bef32-01d5-b0de-a16c-63f5fae67462.htm" />
  <HelpKINode Title="GetBytesFromBinaryString method" Url="html/f0b85e36-e42e-69fb-2cd1-5a6065455594.htm" />
  <HelpKINode Title="getData method" Url="html/9f69b38e-2c48-c943-5047-a241e29f6588.htm" />
  <HelpKINode Title="getDealer method" Url="html/8f2d9ed9-90b1-cd26-8ebe-b0ac84b91858.htm" />
  <HelpKINode Title="getDeck method" Url="html/35f51255-c5fb-8ab9-21bf-f5c8b52f8abe.htm" />
  <HelpKINode Title="getFace method" Url="html/8a249881-5fef-aa76-e160-ce0cddf875dd.htm" />
  <HelpKINode Title="getHand method" Url="html/e585a0df-f273-7309-fac1-66e608d23aee.htm" />
  <HelpKINode Title="getID method" Url="html/8dd75dd5-ef46-e5b9-7f80-2828ecf1ad95.htm" />
  <HelpKINode Title="getImage method" Url="html/b3de56be-e44c-142f-c2e2-ee10ab9f6c7a.htm" />
  <HelpKINode Title="getPlayer method" Url="html/7dd6a3a2-bbd5-2b7b-071b-8defb5fb08f8.htm" />
  <HelpKINode Title="getScore method" Url="html/df1f7ebd-7be4-6839-47d0-e251efa2ed4f.htm" />
  <HelpKINode Title="getShuffledDeck method" Url="html/ebbeea8b-707e-dd60-3a32-056b3b01d5eb.htm" />
  <HelpKINode Title="getSuit method" Url="html/8612fdc6-cee6-ca08-c37e-cf758c90e661.htm" />
  <HelpKINode Title="getValue method" Url="html/604801cd-fa21-702c-2757-a071542a3e53.htm" />
  <HelpKINode Title="getWallet method" Url="html/82f16238-f62d-85e3-3e53-79cac59c944a.htm" />
  <HelpKINode Title="grid field" Url="html/6230abab-8819-7db7-b979-442f5a6b143b.htm" />
  <HelpKINode Title="hand field" Url="html/93d47c67-24a6-ef17-1c9b-049795fde6c5.htm" />
  <HelpKINode Title="HandleEsc method" Url="html/ba534842-4752-8208-e31f-f58d7bff5f8b.htm" />
  <HelpKINode Title="handString method" Url="html/dd4b9c43-baae-1795-62a2-99cb9318b110.htm" />
  <HelpKINode Title="hasAce method" Url="html/909e74e9-938c-2d56-7769-c9232103bfee.htm" />
  <HelpKINode Title="hasRead field" Url="html/aad698f7-c919-d168-0c94-da4c74ccc262.htm" />
  <HelpKINode Title="hasWritten field" Url="html/62e88857-73ec-ca7c-6e5f-3b33a77958a0.htm" />
  <HelpKINode Title="headerInProgress field" Url="html/3284ad34-4a81-badd-1f30-0bea81fc2cfb.htm" />
  <HelpKINode Title="heading property" Url="html/4d748867-9211-924c-8290-5597cb2425a5.htm" />
  <HelpKINode Title="hit method" Url="html/6e880a0b-03fe-830a-e515-8a34e2cbebdf.htm" />
  <HelpKINode Title="hitOrStay method" Url="html/f336e51b-6072-238f-b36b-76cfa18bf0d6.htm" />
  <HelpKINode Title="IComponentConnector.Connect explicitly implemented method">
    <HelpKINode Title="LynxTagVisualization.IComponentConnector.Connect Method " Url="html/cc67c522-961a-a29d-1d0e-881e41ee3242.htm" />
    <HelpKINode Title="MainWindow.IComponentConnector.Connect Method " Url="html/c3908486-a241-6919-b039-92dea3d96968.htm" />
    <HelpKINode Title="Splash.IComponentConnector.Connect Method " Url="html/28ecbb34-53f1-4194-7bd3-996bdba783cb.htm" />
  </HelpKINode>
  <HelpKINode Title="id field" Url="html/188a988a-608b-f325-4753-787908d77202.htm" />
  <HelpKINode Title="id property" Url="html/0a85a4ca-8bdc-562a-7509-436f3fb2cef9.htm" />
  <HelpKINode Title="imgArray field" Url="html/10cd9441-a7a6-e128-6780-2d791dbf8458.htm" />
  <HelpKINode Title="Init method" Url="html/efe35a08-613e-1483-9a77-4111191c5e1e.htm" />
  <HelpKINode Title="InitializeComponent method">
    <HelpKINode Title="App.InitializeComponent Method " Url="html/f362e361-ad92-ab68-5667-93772827d20f.htm" />
    <HelpKINode Title="LynxTagVisualization.InitializeComponent Method " Url="html/80e4801f-da12-9821-3dbe-6abc92c9bf41.htm" />
    <HelpKINode Title="MainWindow.InitializeComponent Method " Url="html/042feedc-8e09-45e7-7703-b5771d282b6f.htm" />
    <HelpKINode Title="Splash.InitializeComponent Method " Url="html/dfeb1220-e40c-d741-b0fc-b0dd4afafef3.htm" />
  </HelpKINode>
  <HelpKINode Title="Int enumeration member" Url="html/bfc0f9b3-962c-caee-799d-79ac89a50e1e.htm" />
  <HelpKINode Title="Invoker delegate" Url="html/03f5a792-57ef-ba40-d46f-17d5ad5b72be.htm" />
  <HelpKINode Title="isLynxAvailable method" Url="html/eb6b5db4-5b43-f74f-49ac-8ca5711121f2.htm" />
  <HelpKINode Title="label1 field" Url="html/3db9615e-75b8-63a5-7c43-c903050fa94c.htm" />
  <HelpKINode Title="label2 field" Url="html/4c55b1b3-cbb0-3235-6724-4a2fae0b6f45.htm" />
  <HelpKINode Title="labels field" Url="html/1736bbff-95f7-0ce3-222b-79eef6b0974d.htm" />
  <HelpKINode Title="lbl1 field" Url="html/d96a2b99-89b2-3163-aae9-dd45b82f1196.htm" />
  <HelpKINode Title="lbl2 field" Url="html/3d63f8b0-19a6-9741-5416-b482c4e7c311.htm" />
  <HelpKINode Title="lbl3 field" Url="html/e9fc0fb1-2b7b-6b3c-5cdc-815ad4b152e8.htm" />
  <HelpKINode Title="lbl4 field" Url="html/8948f33d-0fd2-181a-bfa0-b9b2c93672d3.htm" />
  <HelpKINode Title="lbl5 field" Url="html/f6bd473a-2e7b-4f18-7085-c7f3dd0c6859.htm" />
  <HelpKINode Title="lbl6 field" Url="html/182170c9-f81a-1d61-4532-602561502775.htm" />
  <HelpKINode Title="lbl7 field" Url="html/96027020-ef3f-99d6-e92f-43c35e2bb072.htm" />
  <HelpKINode Title="lbl8 field" Url="html/dffb3e63-0a62-62bd-65d0-f0b74161e0d9.htm" />
  <HelpKINode Title="length field" Url="html/5a365529-4382-a8a3-ffae-bd47c9af600d.htm" />
  <HelpKINode Title="lightMatrix field" Url="html/78dd3217-12e5-951a-8130-ab5e03541b7a.htm" />
  <HelpKINode Title="lineList field" Url="html/6a2fd776-8f16-fd50-b679-c562640ae1aa.htm" />
  <HelpKINode Title="lineList2 field" Url="html/9be69e8b-bf20-7d7b-f345-bbf5c60f8569.htm" />
  <HelpKINode Title="loadingImg field" Url="html/cd65d89e-8fef-3d46-f2c3-5b6866b66d6a.htm" />
  <HelpKINode Title="Lynx class">
    <HelpKINode Title="Lynx Class" Url="html/0ab6ccdc-1004-e4d5-54df-2ed4b5d1bce2.htm" />
    <HelpKINode Title="about Lynx class" Url="html/0ab6ccdc-1004-e4d5-54df-2ed4b5d1bce2.htm" />
    <HelpKINode Title="constructor" Url="html/c312361d-6b53-36c4-8903-99b298b32a06.htm" />
    <HelpKINode Title="methods" Url="html/e61e420d-4ff8-d826-3b60-c9b855b2eddf.htm" />
    <HelpKINode Title="properties" Url="html/ab387e8f-6380-8812-70bc-58bdb07ff4cd.htm" />
  </HelpKINode>
  <HelpKINode Title="lynx property" Url="html/ccf055d6-b6d2-95a9-beed-4725976e0f11.htm" />
  <HelpKINode Title="Lynx.distance property" Url="html/c24dbd0f-98c8-7ab5-6108-3e784aeac95f.htm" />
  <HelpKINode Title="Lynx.heading property" Url="html/4d748867-9211-924c-8290-5597cb2425a5.htm" />
  <HelpKINode Title="Lynx.id property" Url="html/0a85a4ca-8bdc-562a-7509-436f3fb2cef9.htm" />
  <HelpKINode Title="Lynx.Lynx constructor" Url="html/c312361d-6b53-36c4-8903-99b298b32a06.htm" />
  <HelpKINode Title="Lynx.tagX property" Url="html/5720c1b4-843d-81a9-fc27-d6e994c083b6.htm" />
  <HelpKINode Title="Lynx.tagY property" Url="html/09e05e2b-1dcb-5aba-4453-fdc6249650b0.htm" />
  <HelpKINode Title="Lynx.xRecFirst property" Url="html/51cc3460-8250-13b3-ed96-d01af5684fe4.htm" />
  <HelpKINode Title="Lynx.xSendFirst property" Url="html/ba8f9d2c-cfd9-03c5-f897-b32f2f9e1c94.htm" />
  <HelpKINode Title="Lynx.yRecFirst property" Url="html/f8ec72f2-c348-2e9f-112d-8fd88afd8b67.htm" />
  <HelpKINode Title="Lynx.ySendFirst property" Url="html/240bcb56-4f6e-b200-7703-8daa69282cee.htm" />
  <HelpKINode Title="LynxAvailable field" Url="html/f9173f4c-9d9f-f166-5bc5-852639d15621.htm" />
  <HelpKINode Title="LynxErrorArgs class">
    <HelpKINode Title="LynxErrorArgs Class" Url="html/66d5a465-2d2d-930a-c608-b0d1b0a5d675.htm" />
    <HelpKINode Title="about LynxErrorArgs class" Url="html/66d5a465-2d2d-930a-c608-b0d1b0a5d675.htm" />
    <HelpKINode Title="constructor" Url="html/3ea4c02a-dc4b-c7cb-3093-7ee875b1ea3e.htm" />
    <HelpKINode Title="fields" Url="html/bacb4d02-3244-61dc-a90f-dc511f44d1d3.htm" />
    <HelpKINode Title="methods" Url="html/e0ed5ae1-318c-05b7-345a-a92df18c9af7.htm" />
    <HelpKINode Title="properties" Url="html/9b3964a7-6d14-8a75-0879-549db4c95659.htm" />
  </HelpKINode>
  <HelpKINode Title="LynxErrorArgs.CalculatedChecksum property" Url="html/39091b0a-6327-402f-4b29-563d70dce604.htm" />
  <HelpKINode Title="LynxErrorArgs.ccheck field" Url="html/40e27a64-0c21-82f0-a29c-f1d4603428a1.htm" />
  <HelpKINode Title="LynxErrorArgs.LynxErrorArgs constructor" Url="html/3ea4c02a-dc4b-c7cb-3093-7ee875b1ea3e.htm" />
  <HelpKINode Title="LynxErrorArgs.rcheck field" Url="html/27400ecf-6f73-ed76-755e-fd270b76d0ba.htm" />
  <HelpKINode Title="LynxErrorArgs.ReceivedChecksum property" Url="html/03421222-3bc6-62fc-9320-661ed9d97ee2.htm" />
  <HelpKINode Title="lynxHasRead field" Url="html/d03a8a22-691f-fc97-5624-1000617b8bc9.htm" />
  <HelpKINode Title="lynxHasWritten field" Url="html/9145b578-3b75-155a-6928-a7ff970e0173.htm" />
  <HelpKINode Title="LynxReceivedArgs class">
    <HelpKINode Title="LynxReceivedArgs Class" Url="html/570b6842-b539-15ac-16f8-f31935abb345.htm" />
    <HelpKINode Title="about LynxReceivedArgs class" Url="html/570b6842-b539-15ac-16f8-f31935abb345.htm" />
    <HelpKINode Title="constructor" Url="html/48ef1869-21c6-9c0e-2cf1-2eacd2b18fea.htm" />
    <HelpKINode Title="fields" Url="html/8ef0bc5a-6e99-1bf9-46e6-6a9ac5c8597b.htm" />
    <HelpKINode Title="methods" Url="html/5806a164-f687-33b7-ad74-71ce6e624698.htm" />
    <HelpKINode Title="properties" Url="html/96a6e763-ff3e-be48-6baa-345a55fc16a5.htm" />
  </HelpKINode>
  <HelpKINode Title="LynxReceivedArgs.data field" Url="html/f7b09269-4f8d-9c7e-1a09-288e06768d02.htm" />
  <HelpKINode Title="LynxReceivedArgs.Data property" Url="html/3ca5db38-026f-4157-f85b-9054aa0d49b6.htm" />
  <HelpKINode Title="LynxReceivedArgs.LynxReceivedArgs constructor" Url="html/48ef1869-21c6-9c0e-2cf1-2eacd2b18fea.htm" />
  <HelpKINode Title="LynxReceivedArgs.type field" Url="html/b70ba6cc-dd88-d887-3b53-9d2c9644a8c1.htm" />
  <HelpKINode Title="LynxReceivedArgs.Type property" Url="html/d04afda0-ff2c-90f4-bc7a-ae0d370b11ab.htm" />
  <HelpKINode Title="LynxRect field" Url="html/a31291ac-8b0a-2946-5849-55a4375c3cb1.htm" />
  <HelpKINode Title="LynxTagVisualization class">
    <HelpKINode Title="LynxTagVisualization Class" Url="html/fae13ab6-4ea1-31dc-ecd5-584d49062937.htm" />
    <HelpKINode Title="about LynxTagVisualization class" Url="html/fae13ab6-4ea1-31dc-ecd5-584d49062937.htm" />
    <HelpKINode Title="constructor" Url="html/c8b98883-79e3-db70-893b-710d23ba366c.htm" />
    <HelpKINode Title="events" Url="html/ac1a3bb4-eeb2-f3c7-1d7b-4c1aa9635db8.htm" />
    <HelpKINode Title="fields" Url="html/2df82954-48f5-dc55-ccf1-4c8292bd231d.htm" />
    <HelpKINode Title="methods" Url="html/102f9cbb-0abb-e3a3-d862-aa959419aa51.htm" />
    <HelpKINode Title="properties" Url="html/befc1080-7f59-7561-c549-14dc016b664e.htm" />
  </HelpKINode>
  <HelpKINode Title="LynxTagVisualization.IComponentConnector.Connect explicitly implemented method" Url="html/cc67c522-961a-a29d-1d0e-881e41ee3242.htm" />
  <HelpKINode Title="LynxTagVisualization.InitializeComponent method" Url="html/80e4801f-da12-9821-3dbe-6abc92c9bf41.htm" />
  <HelpKINode Title="LynxTagVisualization.LynxTagVisualization constructor" Url="html/c8b98883-79e3-db70-893b-710d23ba366c.htm" />
  <HelpKINode Title="LynxTagVisualization.TagVisualization1_Loaded method" Url="html/d29cba07-d0a7-c174-eac9-e48de6b7d49e.htm" />
  <HelpKINode Title="LynxTagVisualization._contentLoaded field" Url="html/4ecbbde0-c16f-2c2c-099b-c702792cd636.htm" />
  <HelpKINode Title="Main method" Url="html/10397f13-cd2f-5a15-bcd9-8b7bada6dea9.htm" />
  <HelpKINode Title="MainWindow class">
    <HelpKINode Title="MainWindow Class" Url="html/a1004b35-7bb2-b734-955e-507cd7425cb3.htm" />
    <HelpKINode Title="about MainWindow class" Url="html/a1004b35-7bb2-b734-955e-507cd7425cb3.htm" />
    <HelpKINode Title="constructor" Url="html/b15f208a-9268-f8ba-190f-6d7328839de2.htm" />
    <HelpKINode Title="events" Url="html/a1e5c632-a9a7-dde7-246c-1edc17bed754.htm" />
    <HelpKINode Title="fields" Url="html/a7294195-3ebf-fc82-3ec6-97c3b7832f01.htm" />
    <HelpKINode Title="methods" Url="html/6da43790-ee0b-b1df-14d0-01cb0ff3ca40.htm" />
    <HelpKINode Title="properties" Url="html/24287398-8ab8-d283-8aff-611b2e0643df.htm" />
  </HelpKINode>
  <HelpKINode Title="MainWindow.AddWindowAvailabilityHandlers method" Url="html/1c142310-c33f-8a6e-9e74-488abf84e1aa.htm" />
  <HelpKINode Title="MainWindow.AllPoints field" Url="html/d7ef5219-65e0-bc3c-8a05-28dc52b686f6.htm" />
  <HelpKINode Title="MainWindow.betAmount field" Url="html/67cf7d7f-f6a0-4955-bc5c-4d5005c90d46.htm" />
  <HelpKINode Title="MainWindow.binArray field" Url="html/faa7227e-1ee5-3a65-4905-27c75cfa110a.htm" />
  <HelpKINode Title="MainWindow.binaryList field" Url="html/83e57cb1-9cfa-21c2-ca8b-c21bc87f9e12.htm" />
  <HelpKINode Title="MainWindow.button0 field" Url="html/f91ee520-f75c-228e-f6a3-b9034b84c592.htm" />
  <HelpKINode Title="MainWindow.canvas field" Url="html/4bf29898-4de0-5550-86c7-d178dcf039df.htm" />
  <HelpKINode Title="MainWindow.cardCounter field" Url="html/a67d54e6-6850-dc66-ad30-c2f44846ea31.htm" />
  <HelpKINode Title="MainWindow.cardList field" Url="html/a25b3e35-bcfa-9158-b84e-8e4ce68eae48.htm" />
  <HelpKINode Title="MainWindow.chipLabel field" Url="html/23d624af-6142-8c7f-ad23-1f1eb17d0b57.htm" />
  <HelpKINode Title="MainWindow.ClearCards method" Url="html/bdf23fd6-c4a9-b717-1369-29cb74416b12.htm" />
  <HelpKINode Title="MainWindow.command field" Url="html/5665bf37-2ab2-149e-4a55-50f7f94d93ff.htm" />
  <HelpKINode Title="MainWindow.constructBin method" Url="html/39462047-0c5a-c430-42fe-649dd0715712.htm" />
  <HelpKINode Title="MainWindow.controller field" Url="html/9437d509-77b8-93c9-17bd-28fd00ae4684.htm" />
  <HelpKINode Title="MainWindow.ConvertToBinary method" Url="html/f2faca09-6536-0d09-2027-b553ca88c3c0.htm" />
  <HelpKINode Title="MainWindow.counter field" Url="html/2878c83a-21b9-66d3-f713-108d3eebb851.htm" />
  <HelpKINode Title="MainWindow.dealer field" Url="html/ff5ba633-eb6b-af07-516f-d8d1fe00cfe4.htm" />
  <HelpKINode Title="MainWindow.drawboxes method" Url="html/668b77cc-9851-b544-a41a-66066fb38c81.htm" />
  <HelpKINode Title="MainWindow.flashDist field" Url="html/246ddf05-66fe-32c9-ebc6-2eaa4d1590bd.htm" />
  <HelpKINode Title="MainWindow.flip field" Url="html/26710884-7d9b-0753-feda-71f20dddc470.htm" />
  <HelpKINode Title="MainWindow.GetBytesFromBinaryString method" Url="html/f0b85e36-e42e-69fb-2cd1-5a6065455594.htm" />
  <HelpKINode Title="MainWindow.HandleEsc method" Url="html/ba534842-4752-8208-e31f-f58d7bff5f8b.htm" />
  <HelpKINode Title="MainWindow.IComponentConnector.Connect explicitly implemented method" Url="html/c3908486-a241-6919-b039-92dea3d96968.htm" />
  <HelpKINode Title="MainWindow.imgArray field" Url="html/10cd9441-a7a6-e128-6780-2d791dbf8458.htm" />
  <HelpKINode Title="MainWindow.Init method" Url="html/efe35a08-613e-1483-9a77-4111191c5e1e.htm" />
  <HelpKINode Title="MainWindow.InitializeComponent method" Url="html/042feedc-8e09-45e7-7703-b5771d282b6f.htm" />
  <HelpKINode Title="MainWindow.labels field" Url="html/1736bbff-95f7-0ce3-222b-79eef6b0974d.htm" />
  <HelpKINode Title="MainWindow.lbl1 field" Url="html/d96a2b99-89b2-3163-aae9-dd45b82f1196.htm" />
  <HelpKINode Title="MainWindow.lbl2 field" Url="html/3d63f8b0-19a6-9741-5416-b482c4e7c311.htm" />
  <HelpKINode Title="MainWindow.lbl3 field" Url="html/e9fc0fb1-2b7b-6b3c-5cdc-815ad4b152e8.htm" />
  <HelpKINode Title="MainWindow.lbl4 field" Url="html/8948f33d-0fd2-181a-bfa0-b9b2c93672d3.htm" />
  <HelpKINode Title="MainWindow.lbl5 field" Url="html/f6bd473a-2e7b-4f18-7085-c7f3dd0c6859.htm" />
  <HelpKINode Title="MainWindow.lbl6 field" Url="html/182170c9-f81a-1d61-4532-602561502775.htm" />
  <HelpKINode Title="MainWindow.lbl7 field" Url="html/96027020-ef3f-99d6-e92f-43c35e2bb072.htm" />
  <HelpKINode Title="MainWindow.lbl8 field" Url="html/dffb3e63-0a62-62bd-65d0-f0b74161e0d9.htm" />
  <HelpKINode Title="MainWindow.lineList field" Url="html/6a2fd776-8f16-fd50-b679-c562640ae1aa.htm" />
  <HelpKINode Title="MainWindow.lineList2 field" Url="html/9be69e8b-bf20-7d7b-f345-bbf5c60f8569.htm" />
  <HelpKINode Title="MainWindow.loadingImg field" Url="html/cd65d89e-8fef-3d46-f2c3-5b6866b66d6a.htm" />
  <HelpKINode Title="MainWindow.LynxRect field" Url="html/a31291ac-8b0a-2946-5849-55a4375c3cb1.htm" />
  <HelpKINode Title="MainWindow.MainWindow constructor" Url="html/b15f208a-9268-f8ba-190f-6d7328839de2.htm" />
  <HelpKINode Title="MainWindow.myGrid field" Url="html/2a0108aa-53bf-9d8e-6691-b8a07787bab0.htm" />
  <HelpKINode Title="MainWindow.myTag field" Url="html/ea1a3d1d-2fd0-d49c-4853-b3424fc26eef.htm" />
  <HelpKINode Title="MainWindow.OnClosed method" Url="html/98768422-6904-8d48-fece-d76c92bab928.htm" />
  <HelpKINode Title="MainWindow.onReceivedData method" Url="html/a50409fe-7dd3-4ad7-a819-e857a64ded99.htm" />
  <HelpKINode Title="MainWindow.OnVisualizationAdded method" Url="html/8ce2bc5e-e440-0e3e-4f96-9eced5ab8c61.htm" />
  <HelpKINode Title="MainWindow.OnVisualizationMoved method" Url="html/8d9eaf8c-6d59-4bc4-8014-0638bd77bad6.htm" />
  <HelpKINode Title="MainWindow.OnVisualizationRemoved method" Url="html/8d01a21c-80eb-d463-a250-e7e00a85c6c8.htm" />
  <HelpKINode Title="MainWindow.OnWindowInteractive method" Url="html/e90432fd-7445-06f7-f168-8f67f67d084c.htm" />
  <HelpKINode Title="MainWindow.OnWindowNoninteractive method" Url="html/eb5b715d-b950-5dc9-abb2-c97d118e4686.htm" />
  <HelpKINode Title="MainWindow.OnWindowUnavailable method" Url="html/8f0bc072-b8b2-f0ca-dad6-68598632e69e.htm" />
  <HelpKINode Title="MainWindow.orientation field" Url="html/51dc760a-eed2-abcf-9c09-f08f2ec36428.htm" />
  <HelpKINode Title="MainWindow.player field" Url="html/9b59eba9-5f5a-768f-3a69-655291d19208.htm" />
  <HelpKINode Title="MainWindow.pot field" Url="html/3cce7b2c-668e-dbc3-c153-6a086dcceca0.htm" />
  <HelpKINode Title="MainWindow.potLabel field" Url="html/b9509b86-85fd-2721-9cd5-2aa08b42ed8b.htm" />
  <HelpKINode Title="MainWindow.RemoveWindowAvailabilityHandlers method" Url="html/e7aaa8af-f455-7f1c-f796-4631d904925b.htm" />
  <HelpKINode Title="MainWindow.sendData method" Url="html/b347ce09-641f-9fd3-39de-0c50dae5d96e.htm" />
  <HelpKINode Title="MainWindow.sPanel field" Url="html/4f10e26b-4395-9025-5dbd-abe119156fee.htm" />
  <HelpKINode Title="MainWindow.start_button_Click method" Url="html/5c250805-df16-1c93-e123-b6b8efbc0ca0.htm" />
  <HelpKINode Title="MainWindow.str field" Url="html/d293682a-6939-b8ec-6263-168cf34ec211.htm" />
  <HelpKINode Title="MainWindow.temp field" Url="html/27527c34-2026-7554-6504-32aa0bf5392b.htm" />
  <HelpKINode Title="MainWindow.temp1 field" Url="html/060bc867-26af-3c86-c348-1e604329e1b4.htm" />
  <HelpKINode Title="MainWindow.textBox field" Url="html/c2e3dd29-96d2-2189-ab33-e56c86fcb11a.htm" />
  <HelpKINode Title="MainWindow.TheTimer field" Url="html/ca2d87a4-2106-369f-9fb3-f3c43086b012.htm" />
  <HelpKINode Title="MainWindow.timer_Tick method" Url="html/8018b40f-39ac-64f7-9c79-37b655f21348.htm" />
  <HelpKINode Title="MainWindow.Touch_FrameReported method" Url="html/15df8a1e-78c3-d333-46e4-36f6b831a95b.htm" />
  <HelpKINode Title="MainWindow.transferStringBuilder method" Url="html/ec46a15d-1b12-dd58-371d-fdefc332b214.htm" />
  <HelpKINode Title="MainWindow.welcomeFlag field" Url="html/83675298-924c-c3f1-1b4c-9dde7271fe93.htm" />
  <HelpKINode Title="MainWindow.x1AxisRecieveUpdated field" Url="html/5e3fcdae-cd38-6cb3-e1ba-8607fbb95bc6.htm" />
  <HelpKINode Title="MainWindow.xAxisRecieve field" Url="html/02cb35fa-4935-0faa-b7a5-284bcfdeaa7c.htm" />
  <HelpKINode Title="MainWindow.xAxisSend field" Url="html/0c052d9f-7039-d0dd-7242-8d1db3d21f8e.htm" />
  <HelpKINode Title="MainWindow.xAxisTag field" Url="html/4bb9f30c-892c-97e3-cc5e-a50c5ca5c1d4.htm" />
  <HelpKINode Title="MainWindow.xLoc field" Url="html/42884454-5d58-3c2b-0561-91f5fd993888.htm" />
  <HelpKINode Title="MainWindow.y1AxisRecieveUpdated field" Url="html/5801159c-f197-97d5-bf57-399255040e7e.htm" />
  <HelpKINode Title="MainWindow.yAxisRecieve field" Url="html/5dfc476a-f1e9-8f28-4b7e-bb7fe642c9f4.htm" />
  <HelpKINode Title="MainWindow.yAxisSend field" Url="html/c0835272-39f3-3a54-b546-3822af48d81a.htm" />
  <HelpKINode Title="MainWindow.yAxisTag field" Url="html/89da513d-c78c-b463-d787-81447015ca24.htm" />
  <HelpKINode Title="MainWindow._contentLoaded field" Url="html/25ca4d94-81ba-ef96-99fc-870ab84397e5.htm" />
  <HelpKINode Title="myGrid field" Url="html/2a0108aa-53bf-9d8e-6691-b8a07787bab0.htm" />
  <HelpKINode Title="myTag field" Url="html/ea1a3d1d-2fd0-d49c-4853-b3424fc26eef.htm" />
  <HelpKINode Title="NULLTYPE enumeration member" Url="html/bfc0f9b3-962c-caee-799d-79ac89a50e1e.htm" />
  <HelpKINode Title="Object enumeration member" Url="html/bfc0f9b3-962c-caee-799d-79ac89a50e1e.htm" />
  <HelpKINode Title="offset field" Url="html/eb12418b-904c-e19f-71f7-63395c178550.htm" />
  <HelpKINode Title="OnClosed method" Url="html/98768422-6904-8d48-fece-d76c92bab928.htm" />
  <HelpKINode Title="onFrameReported method" Url="html/6f4bbff6-e64e-4c78-b8a2-5efbe0dac7a6.htm" />
  <HelpKINode Title="onReceivedData method" Url="html/a50409fe-7dd3-4ad7-a819-e857a64ded99.htm" />
  <HelpKINode Title="onTagAdded method" Url="html/c56cef21-0dc2-61e4-2553-4d325e9bce48.htm" />
  <HelpKINode Title="onTagMoved method" Url="html/f556f44d-691c-ceb3-e4cd-642bdc0290cc.htm" />
  <HelpKINode Title="onTagRemoved method" Url="html/9a20fd9c-3713-3d6d-d7df-dd8134982406.htm" />
  <HelpKINode Title="OnVisualizationAdded method" Url="html/8ce2bc5e-e440-0e3e-4f96-9eced5ab8c61.htm" />
  <HelpKINode Title="OnVisualizationMoved method" Url="html/8d9eaf8c-6d59-4bc4-8014-0638bd77bad6.htm" />
  <HelpKINode Title="OnVisualizationRemoved method" Url="html/8d01a21c-80eb-d463-a250-e7e00a85c6c8.htm" />
  <HelpKINode Title="OnWindowInteractive method" Url="html/e90432fd-7445-06f7-f168-8f67f67d084c.htm" />
  <HelpKINode Title="OnWindowNoninteractive method" Url="html/eb5b715d-b950-5dc9-abb2-c97d118e4686.htm" />
  <HelpKINode Title="OnWindowUnavailable method" Url="html/8f0bc072-b8b2-f0ca-dad6-68598632e69e.htm" />
  <HelpKINode Title="orientation field" Url="html/51dc760a-eed2-abcf-9c09-f08f2ec36428.htm" />
  <HelpKINode Title="play method" Url="html/93fa5f86-094c-c3b4-1cca-1868420e51f1.htm" />
  <HelpKINode Title="Player class">
    <HelpKINode Title="Player Class" Url="html/667d8d65-51e8-d4bd-0fc1-4f07a40a2af1.htm" />
    <HelpKINode Title="about Player class" Url="html/667d8d65-51e8-d4bd-0fc1-4f07a40a2af1.htm" />
    <HelpKINode Title="constructor" Url="html/24dad9d8-d9f9-0d98-1f0e-9c5010b51ec0.htm" />
    <HelpKINode Title="fields" Url="html/874726cf-87c9-19ed-0ab0-0036bae76721.htm" />
    <HelpKINode Title="methods" Url="html/e3fbe1e2-a0b5-7e87-3023-629ded8e3953.htm" />
  </HelpKINode>
  <HelpKINode Title="player field">
    <HelpKINode Title="GameController.player Field" Url="html/a3e2978d-10f9-f3ca-acde-61dd73a54a63.htm" />
    <HelpKINode Title="MainWindow.player Field" Url="html/9b59eba9-5f5a-768f-3a69-655291d19208.htm" />
  </HelpKINode>
  <HelpKINode Title="Player.calculateScore method" Url="html/083b6c4d-9899-5765-de71-1a6cb8fc6ff9.htm" />
  <HelpKINode Title="Player.dealerToString method" Url="html/412d97b9-238c-6490-bdb6-cf4671c43409.htm" />
  <HelpKINode Title="Player.findAce method" Url="html/70a08c2b-a5c3-2547-a96f-55eab3a1fef8.htm" />
  <HelpKINode Title="Player.getHand method" Url="html/e585a0df-f273-7309-fac1-66e608d23aee.htm" />
  <HelpKINode Title="Player.getID method" Url="html/8dd75dd5-ef46-e5b9-7f80-2828ecf1ad95.htm" />
  <HelpKINode Title="Player.getScore method" Url="html/df1f7ebd-7be4-6839-47d0-e251efa2ed4f.htm" />
  <HelpKINode Title="Player.getWallet method" Url="html/82f16238-f62d-85e3-3e53-79cac59c944a.htm" />
  <HelpKINode Title="Player.hand field" Url="html/93d47c67-24a6-ef17-1c9b-049795fde6c5.htm" />
  <HelpKINode Title="Player.handString method" Url="html/dd4b9c43-baae-1795-62a2-99cb9318b110.htm" />
  <HelpKINode Title="Player.hasAce method" Url="html/909e74e9-938c-2d56-7769-c9232103bfee.htm" />
  <HelpKINode Title="Player.id field" Url="html/188a988a-608b-f325-4753-787908d77202.htm" />
  <HelpKINode Title="Player.Player constructor" Url="html/24dad9d8-d9f9-0d98-1f0e-9c5010b51ec0.htm" />
  <HelpKINode Title="Player.reset method" Url="html/4713ca56-2b7b-d6af-a110-ab4fe59c65dd.htm" />
  <HelpKINode Title="Player.score field" Url="html/8b9c6444-bb11-9b84-0988-0c19c44ef1a3.htm" />
  <HelpKINode Title="Player.setHand method" Url="html/611db857-c56f-98ec-db71-de6bf547d616.htm" />
  <HelpKINode Title="Player.setID method" Url="html/676637f3-8d86-5b3b-7a2d-5e7367a824df.htm" />
  <HelpKINode Title="Player.setScore method" Url="html/14323d43-354b-8519-9237-d37a888784d3.htm" />
  <HelpKINode Title="Player.setWallet method" Url="html/1d562b1e-013e-6d02-377f-898f87706315.htm" />
  <HelpKINode Title="Player.toString method" Url="html/a85e304e-609c-61fa-f1b4-e1f830b5c5a3.htm" />
  <HelpKINode Title="Player.wallet field" Url="html/85c26e83-370e-7a41-5538-cbdaba8db0f5.htm" />
  <HelpKINode Title="pot field">
    <HelpKINode Title="GameController.pot Field" Url="html/2eeb2214-4f1f-b44b-21ad-9100a03c7f41.htm" />
    <HelpKINode Title="MainWindow.pot Field" Url="html/3cce7b2c-668e-dbc3-c153-6a086dcceca0.htm" />
  </HelpKINode>
  <HelpKINode Title="potLabel field" Url="html/b9509b86-85fd-2721-9cd5-2aa08b42ed8b.htm" />
  <HelpKINode Title="progBar field" Url="html/1751e03c-e97b-49c0-e239-4a1f0a971207.htm" />
  <HelpKINode Title="push method" Url="html/3b870b69-125c-b003-19be-51ae893c1414.htm" />
  <HelpKINode Title="rcheck field" Url="html/27400ecf-6f73-ed76-755e-fd270b76d0ba.htm" />
  <HelpKINode Title="receive method" Url="html/36e8d557-45f1-55ab-b42a-34c06a619364.htm" />
  <HelpKINode Title="receiveBuffer field" Url="html/f52f4a85-9537-8e27-72ad-f3b096b0f28f.htm" />
  <HelpKINode Title="ReceivedChecksum property" Url="html/03421222-3bc6-62fc-9320-661ed9d97ee2.htm" />
  <HelpKINode Title="ReceivedData event" Url="html/cc2c3c44-960d-2b8c-2385-e5816a500ee4.htm" />
  <HelpKINode Title="ReceivedError event" Url="html/f0d3a535-6d16-2d95-d40e-99eb98423336.htm" />
  <HelpKINode Title="RemoveWindowAvailabilityHandlers method" Url="html/e7aaa8af-f455-7f1c-f796-4631d904925b.htm" />
  <HelpKINode Title="reset method" Url="html/4713ca56-2b7b-d6af-a110-ab4fe59c65dd.htm" />
  <HelpKINode Title="rIndex field" Url="html/6e1abd9e-8fd4-9abc-f090-b213090cd919.htm" />
  <HelpKINode Title="score field" Url="html/8b9c6444-bb11-9b84-0988-0c19c44ef1a3.htm" />
  <HelpKINode Title="send method" Url="html/45a7b338-ae2d-ec8f-16e5-f1d7973e9cb4.htm" />
  <HelpKINode Title="sendBuffer field" Url="html/eebd24c7-572e-fec4-d8c1-285bb84b83bc.htm" />
  <HelpKINode Title="sendData method">
    <HelpKINode Title="GameController.sendData Method " Url="html/6e63018b-480a-5b03-42bf-78e03c17289e.htm" />
    <HelpKINode Title="MainWindow.sendData Method " Url="html/b347ce09-641f-9fd3-39de-0c50dae5d96e.htm" />
  </HelpKINode>
  <HelpKINode Title="sendingOffset field" Url="html/44c2a728-39c6-b558-95f0-0e2962667400.htm" />
  <HelpKINode Title="sendType enumeration" Url="html/bfc0f9b3-962c-caee-799d-79ac89a50e1e.htm" />
  <HelpKINode Title="setDealer method" Url="html/af41364b-6c8a-4923-9cbe-c0f7a89a1792.htm" />
  <HelpKINode Title="setDeck method">
    <HelpKINode Title="Deck.setDeck Method " Url="html/5921ac5b-b4d4-361f-5529-0f0047ebef13.htm" />
    <HelpKINode Title="GameController.setDeck Method " Url="html/c0ce8194-2175-c614-1356-c8addedd48da.htm" />
  </HelpKINode>
  <HelpKINode Title="setDefaultPlayer method" Url="html/95a622fb-f260-af76-d10b-e93cbeb350de.htm" />
  <HelpKINode Title="setFace method" Url="html/6b36ba4d-01d9-4610-63c8-6a8a78a1e4cf.htm" />
  <HelpKINode Title="setHand method" Url="html/611db857-c56f-98ec-db71-de6bf547d616.htm" />
  <HelpKINode Title="setID method" Url="html/676637f3-8d86-5b3b-7a2d-5e7367a824df.htm" />
  <HelpKINode Title="setNewDeck method" Url="html/a2dde0d2-0325-b199-a8dc-008276287e20.htm" />
  <HelpKINode Title="setPot method" Url="html/6189fc4f-9e1b-21fa-cd50-a350c8bb0500.htm" />
  <HelpKINode Title="SetProgress method" Url="html/54f2fc0d-8e6f-78f3-3ee0-d424bacda099.htm" />
  <HelpKINode Title="setScore method" Url="html/14323d43-354b-8519-9237-d37a888784d3.htm" />
  <HelpKINode Title="setSuit method" Url="html/ad4b026f-f7dc-7316-3169-8879c2b1e009.htm" />
  <HelpKINode Title="setValue method" Url="html/55009aa5-b9b1-2e48-29b9-7ee4ba7572af.htm" />
  <HelpKINode Title="setWallet method" Url="html/1d562b1e-013e-6d02-377f-898f87706315.htm" />
  <HelpKINode Title="sIndex field" Url="html/c837730e-9e7a-6d93-2f9a-f0f7d53272c7.htm" />
  <HelpKINode Title="sPanel field" Url="html/4f10e26b-4395-9025-5dbd-abe119156fee.htm" />
  <HelpKINode Title="Splash class">
    <HelpKINode Title="Splash Class" Url="html/e263a730-9616-79d1-9263-e935c09fcd9e.htm" />
    <HelpKINode Title="about Splash class" Url="html/e263a730-9616-79d1-9263-e935c09fcd9e.htm" />
    <HelpKINode Title="constructor" Url="html/ec1e2833-90a6-f57a-9653-52533bc3c4e2.htm" />
    <HelpKINode Title="events" Url="html/7022f29f-da1c-7ceb-de2a-bb2beafff0a0.htm" />
    <HelpKINode Title="fields" Url="html/07a5d204-4076-c08b-d799-7a9b767e1197.htm" />
    <HelpKINode Title="methods" Url="html/eb812556-861e-3809-a0ba-08a22c5ac824.htm" />
    <HelpKINode Title="properties" Url="html/eea443ad-82ee-23a5-0e94-8855307c5579.htm" />
  </HelpKINode>
  <HelpKINode Title="Splash.IComponentConnector.Connect explicitly implemented method" Url="html/28ecbb34-53f1-4194-7bd3-996bdba783cb.htm" />
  <HelpKINode Title="Splash.InitializeComponent method" Url="html/dfeb1220-e40c-d741-b0fc-b0dd4afafef3.htm" />
  <HelpKINode Title="Splash.label1 field" Url="html/3db9615e-75b8-63a5-7c43-c903050fa94c.htm" />
  <HelpKINode Title="Splash.label2 field" Url="html/4c55b1b3-cbb0-3235-6724-4a2fae0b6f45.htm" />
  <HelpKINode Title="Splash.progBar field" Url="html/1751e03c-e97b-49c0-e239-4a1f0a971207.htm" />
  <HelpKINode Title="Splash.SetProgress method" Url="html/54f2fc0d-8e6f-78f3-3ee0-d424bacda099.htm" />
  <HelpKINode Title="Splash.Splash constructor" Url="html/ec1e2833-90a6-f57a-9653-52533bc3c4e2.htm" />
  <HelpKINode Title="Splash.Splash_Loaded method" Url="html/93163e43-1af0-293c-4390-2f997b14db49.htm" />
  <HelpKINode Title="Splash._contentLoaded field" Url="html/5be0f17e-88e0-319f-d555-4a168b007cb2.htm" />
  <HelpKINode Title="Splash_Loaded method" Url="html/93163e43-1af0-293c-4390-2f997b14db49.htm" />
  <HelpKINode Title="startPlaying method" Url="html/27d3842b-86d1-3e33-9ea1-6cb28adfd574.htm" />
  <HelpKINode Title="start_button_Click method" Url="html/5c250805-df16-1c93-e123-b6b8efbc0ca0.htm" />
  <HelpKINode Title="str field" Url="html/d293682a-6939-b8ec-6263-168cf34ec211.htm" />
  <HelpKINode Title="String enumeration member" Url="html/bfc0f9b3-962c-caee-799d-79ac89a50e1e.htm" />
  <HelpKINode Title="suit field" Url="html/cb8ffd25-3b5e-bdfd-0dce-847e3a895eaa.htm" />
  <HelpKINode Title="TagVisualization1_Loaded method" Url="html/d29cba07-d0a7-c174-eac9-e48de6b7d49e.htm" />
  <HelpKINode Title="tagX property" Url="html/5720c1b4-843d-81a9-fc27-d6e994c083b6.htm" />
  <HelpKINode Title="tagY property" Url="html/09e05e2b-1dcb-5aba-4453-fdc6249650b0.htm" />
  <HelpKINode Title="temp field" Url="html/27527c34-2026-7554-6504-32aa0bf5392b.htm" />
  <HelpKINode Title="temp1 field" Url="html/060bc867-26af-3c86-c348-1e604329e1b4.htm" />
  <HelpKINode Title="test method" Url="html/64128794-2818-4ac3-f632-d595e9ea0438.htm" />
  <HelpKINode Title="textBox field" Url="html/c2e3dd29-96d2-2189-ab33-e56c86fcb11a.htm" />
  <HelpKINode Title="TheTimer field" Url="html/ca2d87a4-2106-369f-9fb3-f3c43086b012.htm" />
  <HelpKINode Title="timer_Tick method" Url="html/8018b40f-39ac-64f7-9c79-37b655f21348.htm" />
  <HelpKINode Title="toReceive field" Url="html/2014ec3b-6832-2631-dded-1f7ded648198.htm" />
  <HelpKINode Title="toSend field" Url="html/d6b67889-95f3-025d-3b21-0ad6e246d85d.htm" />
  <HelpKINode Title="toString method">
    <HelpKINode Title="Card.toString Method " Url="html/3dd2777f-b81a-e0fc-8c61-f113065e29d6.htm" />
    <HelpKINode Title="Deck.toString Method " Url="html/3f806d27-e710-c074-8bf3-374081cccacf.htm" />
    <HelpKINode Title="Player.toString Method " Url="html/a85e304e-609c-61fa-f1b4-e1f830b5c5a3.htm" />
  </HelpKINode>
  <HelpKINode Title="Touch_FrameReported method" Url="html/15df8a1e-78c3-d333-46e4-36f6b831a95b.htm" />
  <HelpKINode Title="TransferManager class">
    <HelpKINode Title="TransferManager Class" Url="html/803f897a-10f1-1af6-99da-93d6d5b136de.htm" />
    <HelpKINode Title="about TransferManager class" Url="html/803f897a-10f1-1af6-99da-93d6d5b136de.htm" />
    <HelpKINode Title="constructor" Url="html/954ae666-79ba-53b6-f623-4e07ade3a2c1.htm" />
    <HelpKINode Title="events" Url="html/a433119d-0510-8296-f7a7-323890804fe9.htm" />
    <HelpKINode Title="fields" Url="html/e93dc2b8-afb1-07d4-2b0e-a4679effafaf.htm" />
    <HelpKINode Title="methods" Url="html/5c36d005-fcd7-81ea-7935-cd2650e8c931.htm" />
    <HelpKINode Title="properties" Url="html/63b8211d-6559-69ad-94af-c6a5e89bde6f.htm" />
  </HelpKINode>
  <HelpKINode Title="TransferManager.addFrameReporter method" Url="html/b6f30f2c-ce8a-b103-7728-5fb821f6d640.htm" />
  <HelpKINode Title="TransferManager.addTagListener method" Url="html/394c62f3-4674-9c80-c9c9-d480293e6ffa.htm" />
  <HelpKINode Title="TransferManager.addTouchListener method" Url="html/1a69e643-1920-7781-d853-1a2017d916e1.htm" />
  <HelpKINode Title="TransferManager.Blackout method" Url="html/76e7c9cf-5b89-1f73-29bf-2b5fb03eb649.htm" />
  <HelpKINode Title="TransferManager.calculateByte method" Url="html/d2e9dd18-4f61-aff6-9704-efeb2acf66e4.htm" />
  <HelpKINode Title="TransferManager.checksum field" Url="html/943ed626-e11d-4056-2f5d-1313948587f0.htm" />
  <HelpKINode Title="TransferManager.currentRID field" Url="html/718fb42d-c0ad-6ec9-6220-6f295c643b33.htm" />
  <HelpKINode Title="TransferManager.DataReset field" Url="html/de8d3f43-8879-c861-bdfb-0751d8aa73c7.htm" />
  <HelpKINode Title="TransferManager.doubleBuffer method" Url="html/f66f2ed2-f482-cf94-86a2-ee8de831a309.htm" />
  <HelpKINode Title="TransferManager.feedback method" Url="html/d6130292-8e30-fa74-ccbb-2deed7a9d828.htm" />
  <HelpKINode Title="TransferManager.flags field" Url="html/3f153204-3e26-f80b-da51-29dd8f654982.htm" />
  <HelpKINode Title="TransferManager.formHeader method" Url="html/0fa3e5f2-ad36-ddd7-b189-a6d21d390ce0.htm" />
  <HelpKINode Title="TransferManager.grid field" Url="html/6230abab-8819-7db7-b979-442f5a6b143b.htm" />
  <HelpKINode Title="TransferManager.hasRead field" Url="html/aad698f7-c919-d168-0c94-da4c74ccc262.htm" />
  <HelpKINode Title="TransferManager.hasWritten field" Url="html/62e88857-73ec-ca7c-6e5f-3b33a77958a0.htm" />
  <HelpKINode Title="TransferManager.headerInProgress field" Url="html/3284ad34-4a81-badd-1f30-0bea81fc2cfb.htm" />
  <HelpKINode Title="TransferManager.isLynxAvailable method" Url="html/eb6b5db4-5b43-f74f-49ac-8ca5711121f2.htm" />
  <HelpKINode Title="TransferManager.length field" Url="html/5a365529-4382-a8a3-ffae-bd47c9af600d.htm" />
  <HelpKINode Title="TransferManager.lightMatrix field" Url="html/78dd3217-12e5-951a-8130-ab5e03541b7a.htm" />
  <HelpKINode Title="TransferManager.lynx property" Url="html/ccf055d6-b6d2-95a9-beed-4725976e0f11.htm" />
  <HelpKINode Title="TransferManager.LynxAvailable field" Url="html/f9173f4c-9d9f-f166-5bc5-852639d15621.htm" />
  <HelpKINode Title="TransferManager.lynxHasRead field" Url="html/d03a8a22-691f-fc97-5624-1000617b8bc9.htm" />
  <HelpKINode Title="TransferManager.lynxHasWritten field" Url="html/9145b578-3b75-155a-6928-a7ff970e0173.htm" />
  <HelpKINode Title="TransferManager.offset field" Url="html/eb12418b-904c-e19f-71f7-63395c178550.htm" />
  <HelpKINode Title="TransferManager.onFrameReported method" Url="html/6f4bbff6-e64e-4c78-b8a2-5efbe0dac7a6.htm" />
  <HelpKINode Title="TransferManager.onTagAdded method" Url="html/c56cef21-0dc2-61e4-2553-4d325e9bce48.htm" />
  <HelpKINode Title="TransferManager.onTagMoved method" Url="html/f556f44d-691c-ceb3-e4cd-642bdc0290cc.htm" />
  <HelpKINode Title="TransferManager.onTagRemoved method" Url="html/9a20fd9c-3713-3d6d-d7df-dd8134982406.htm" />
  <HelpKINode Title="TransferManager.push method" Url="html/3b870b69-125c-b003-19be-51ae893c1414.htm" />
  <HelpKINode Title="TransferManager.receive method" Url="html/36e8d557-45f1-55ab-b42a-34c06a619364.htm" />
  <HelpKINode Title="TransferManager.receiveBuffer field" Url="html/f52f4a85-9537-8e27-72ad-f3b096b0f28f.htm" />
  <HelpKINode Title="TransferManager.ReceivedData event" Url="html/cc2c3c44-960d-2b8c-2385-e5816a500ee4.htm" />
  <HelpKINode Title="TransferManager.ReceivedError event" Url="html/f0d3a535-6d16-2d95-d40e-99eb98423336.htm" />
  <HelpKINode Title="TransferManager.ReceivedErrorEventHandler delegate" Url="html/80280a60-4d25-34f1-9e86-54c373abbd3d.htm" />
  <HelpKINode Title="TransferManager.ReceivedEventHandler delegate" Url="html/67e00f73-d933-243e-5a04-c8c23b8a3648.htm" />
  <HelpKINode Title="TransferManager.rIndex field" Url="html/6e1abd9e-8fd4-9abc-f090-b213090cd919.htm" />
  <HelpKINode Title="TransferManager.send method" Url="html/45a7b338-ae2d-ec8f-16e5-f1d7973e9cb4.htm" />
  <HelpKINode Title="TransferManager.sendBuffer field" Url="html/eebd24c7-572e-fec4-d8c1-285bb84b83bc.htm" />
  <HelpKINode Title="TransferManager.sendingOffset field" Url="html/44c2a728-39c6-b558-95f0-0e2962667400.htm" />
  <HelpKINode Title="TransferManager.sIndex field" Url="html/c837730e-9e7a-6d93-2f9a-f0f7d53272c7.htm" />
  <HelpKINode Title="TransferManager.toReceive field" Url="html/2014ec3b-6832-2631-dded-1f7ded648198.htm" />
  <HelpKINode Title="TransferManager.toSend field" Url="html/d6b67889-95f3-025d-3b21-0ad6e246d85d.htm" />
  <HelpKINode Title="TransferManager.TransferManager constructor" Url="html/954ae666-79ba-53b6-f623-4e07ade3a2c1.htm" />
  <HelpKINode Title="TransferManager.translateBinary method" Url="html/83301d6e-6f76-5aac-f19c-8ee7aa97a06a.htm" />
  <HelpKINode Title="TransferManager.type field" Url="html/0d86a8af-eda6-36c8-2962-bf1189193b4b.htm" />
  <HelpKINode Title="transferStringBuilder method" Url="html/ec46a15d-1b12-dd58-371d-fdefc332b214.htm" />
  <HelpKINode Title="TransferSystem namespace" Url="html/76a77da2-8eb1-b4f1-3482-d661e67c5064.htm" />
  <HelpKINode Title="TransferSystem.Lynx class" Url="html/0ab6ccdc-1004-e4d5-54df-2ed4b5d1bce2.htm" />
  <HelpKINode Title="TransferSystem.LynxErrorArgs class" Url="html/66d5a465-2d2d-930a-c608-b0d1b0a5d675.htm" />
  <HelpKINode Title="TransferSystem.LynxReceivedArgs class" Url="html/570b6842-b539-15ac-16f8-f31935abb345.htm" />
  <HelpKINode Title="TransferSystem.sendType enumeration" Url="html/bfc0f9b3-962c-caee-799d-79ac89a50e1e.htm" />
  <HelpKINode Title="TransferSystem.TransferManager class" Url="html/803f897a-10f1-1af6-99da-93d6d5b136de.htm" />
  <HelpKINode Title="TransferSystem.TransferManager.ReceivedErrorEventHandler delegate" Url="html/80280a60-4d25-34f1-9e86-54c373abbd3d.htm" />
  <HelpKINode Title="TransferSystem.TransferManager.ReceivedEventHandler delegate" Url="html/67e00f73-d933-243e-5a04-c8c23b8a3648.htm" />
  <HelpKINode Title="translateBinary method" Url="html/83301d6e-6f76-5aac-f19c-8ee7aa97a06a.htm" />
  <HelpKINode Title="type field">
    <HelpKINode Title="LynxReceivedArgs.type Field" Url="html/b70ba6cc-dd88-d887-3b53-9d2c9644a8c1.htm" />
    <HelpKINode Title="TransferManager.type Field" Url="html/0d86a8af-eda6-36c8-2962-bf1189193b4b.htm" />
  </HelpKINode>
  <HelpKINode Title="Type property" Url="html/d04afda0-ff2c-90f4-bc7a-ae0d370b11ab.htm" />
  <HelpKINode Title="value field" Url="html/a81a0f3e-cd45-ff8d-6b92-af881dfe44e6.htm" />
  <HelpKINode Title="wallet field" Url="html/85c26e83-370e-7a41-5538-cbdaba8db0f5.htm" />
  <HelpKINode Title="welcomeFlag field" Url="html/83675298-924c-c3f1-1b4c-9dde7271fe93.htm" />
  <HelpKINode Title="x1AxisRecieveUpdated field" Url="html/5e3fcdae-cd38-6cb3-e1ba-8607fbb95bc6.htm" />
  <HelpKINode Title="xAxisRecieve field" Url="html/02cb35fa-4935-0faa-b7a5-284bcfdeaa7c.htm" />
  <HelpKINode Title="xAxisSend field" Url="html/0c052d9f-7039-d0dd-7242-8d1db3d21f8e.htm" />
  <HelpKINode Title="xAxisTag field" Url="html/4bb9f30c-892c-97e3-cc5e-a50c5ca5c1d4.htm" />
  <HelpKINode Title="xLoc field" Url="html/42884454-5d58-3c2b-0561-91f5fd993888.htm" />
  <HelpKINode Title="xRecFirst property" Url="html/51cc3460-8250-13b3-ed96-d01af5684fe4.htm" />
  <HelpKINode Title="xSendFirst property" Url="html/ba8f9d2c-cfd9-03c5-f897-b32f2f9e1c94.htm" />
  <HelpKINode Title="y1AxisRecieveUpdated field" Url="html/5801159c-f197-97d5-bf57-399255040e7e.htm" />
  <HelpKINode Title="yAxisRecieve field" Url="html/5dfc476a-f1e9-8f28-4b7e-bb7fe642c9f4.htm" />
  <HelpKINode Title="yAxisSend field" Url="html/c0835272-39f3-3a54-b546-3822af48d81a.htm" />
  <HelpKINode Title="yAxisTag field" Url="html/89da513d-c78c-b463-d787-81447015ca24.htm" />
  <HelpKINode Title="yRecFirst property" Url="html/f8ec72f2-c348-2e9f-112d-8fd88afd8b67.htm" />
  <HelpKINode Title="ySendFirst property" Url="html/240bcb56-4f6e-b200-7703-8daa69282cee.htm" />
  <HelpKINode Title="_applicationInitialize method" Url="html/e56a4ed5-0262-f079-6aae-1d736f5218b4.htm" />
  <HelpKINode Title="_contentLoaded field">
    <HelpKINode Title="App._contentLoaded Field" Url="html/04cb0847-2070-c7f5-e006-8bd136db386a.htm" />
    <HelpKINode Title="LynxTagVisualization._contentLoaded Field" Url="html/4ecbbde0-c16f-2c2c-099b-c702792cd636.htm" />
    <HelpKINode Title="MainWindow._contentLoaded Field" Url="html/25ca4d94-81ba-ef96-99fc-870ab84397e5.htm" />
    <HelpKINode Title="Splash._contentLoaded Field" Url="html/5be0f17e-88e0-319f-d555-4a168b007cb2.htm" />
  </HelpKINode>
</HelpKI>
