﻿<?xml version="1.0" encoding="utf-8"?>
<HelpTOC>

  <HelpTOCNode Id="c9a462a8-dfbf-4ffa-863f-8501d72febef" Title="Namespaces" Url="html/d75eb659-6335-53f6-af7a-81814a21ab7f.htm">
    <HelpTOCNode Id="cb06ba44-7367-4954-825d-a6718007e957" Title="demoSoftware" Url="html/caa10f99-cfda-d491-12e6-0d0390c46f2c.htm">
      <HelpTOCNode Id="b1d85af8-fa8b-4576-9a06-54189ae17484" Title="App Class" Url="html/2d81dd15-a024-85ff-cbeb-b2ea4fed329a.htm">
        <HelpTOCNode Title="App Constructor " Url="html/c405b07c-0c1e-b0bd-d19f-cffd3c98e98f.htm" />
        <HelpTOCNode Id="0e48f72d-ecb2-4c05-a18d-7a0a88b24ce7" Title="App Fields" Url="html/c0b20cb7-d0f9-0f48-8281-fe5fd78b39b3.htm">
          <HelpTOCNode Title="_contentLoaded Field" Url="html/04cb0847-2070-c7f5-e006-8bd136db386a.htm" />
          <HelpTOCNode Title="ApplicationInitialize Field" Url="html/483e5702-e6e1-ea05-ddc9-ebfe338f3784.htm" />
        </HelpTOCNode>
        <HelpTOCNode Id="88a8aa46-ba58-466e-82d0-c6b82a0ae9f4" Title="App Methods" Url="html/357efe6d-f855-b7a2-3283-e165cc7ef57b.htm">
          <HelpTOCNode Title="_applicationInitialize Method " Url="html/e56a4ed5-0262-f079-6aae-1d736f5218b4.htm" />
          <HelpTOCNode Title="InitializeComponent Method " Url="html/f362e361-ad92-ab68-5667-93772827d20f.htm" />
          <HelpTOCNode Title="Main Method " Url="html/10397f13-cd2f-5a15-bcd9-8b7bada6dea9.htm" />
        </HelpTOCNode>
        <HelpTOCNode Id="f25f44f8-8064-4953-9ecc-4cfc9de00bb9" Title="App Properties" Url="html/28a2f814-f53e-7e6c-eee6-7d994b7f5580.htm">
          <HelpTOCNode Title="Current Property " Url="html/020f08ba-a6b9-b9e0-f1a7-53f8de23029f.htm" />
        </HelpTOCNode>
        <HelpTOCNode Title="App Events" Url="html/b726d360-fca8-d313-02fb-658adeb54340.htm" />
      </HelpTOCNode>
      <HelpTOCNode Title="App.ApplicationInitializeDelegate Delegate" Url="html/6d8701fb-8ddf-ac0b-b056-5cd05c9286f0.htm" />
      <HelpTOCNode Id="51b73f24-905d-4318-8a41-57fa50862075" Title="Card Class" Url="html/57761b87-0584-e345-7ae7-a052b0c15afa.htm">
        <HelpTOCNode Title="Card Constructor " Url="html/4ba87ef2-29c1-d105-f4fa-fa44de34acb8.htm" />
        <HelpTOCNode Id="2a42c64a-b98b-4cb0-8f42-f8a7a84a165f" Title="Card Fields" Url="html/9790c491-5208-8e98-584a-506f0434b187.htm">
          <HelpTOCNode Title="face Field" Url="html/217748a7-64d0-3ef8-1c2a-4d97d6b31f79.htm" />
          <HelpTOCNode Title="suit Field" Url="html/cb8ffd25-3b5e-bdfd-0dce-847e3a895eaa.htm" />
          <HelpTOCNode Title="value Field" Url="html/a81a0f3e-cd45-ff8d-6b92-af881dfe44e6.htm" />
        </HelpTOCNode>
        <HelpTOCNode Id="0d7e86e0-cea6-410a-92af-83f23a4930ca" Title="Card Methods" Url="html/96fca056-a3e3-ce68-6a5a-505b9fa949f5.htm">
          <HelpTOCNode Title="getFace Method " Url="html/8a249881-5fef-aa76-e160-ce0cddf875dd.htm" />
          <HelpTOCNode Title="getImage Method " Url="html/b3de56be-e44c-142f-c2e2-ee10ab9f6c7a.htm" />
          <HelpTOCNode Title="getSuit Method " Url="html/8612fdc6-cee6-ca08-c37e-cf758c90e661.htm" />
          <HelpTOCNode Title="getValue Method " Url="html/604801cd-fa21-702c-2757-a071542a3e53.htm" />
          <HelpTOCNode Title="setFace Method " Url="html/6b36ba4d-01d9-4610-63c8-6a8a78a1e4cf.htm" />
          <HelpTOCNode Title="setSuit Method " Url="html/ad4b026f-f7dc-7316-3169-8879c2b1e009.htm" />
          <HelpTOCNode Title="setValue Method " Url="html/55009aa5-b9b1-2e48-29b9-7ee4ba7572af.htm" />
          <HelpTOCNode Title="toString Method " Url="html/3dd2777f-b81a-e0fc-8c61-f113065e29d6.htm" />
        </HelpTOCNode>
      </HelpTOCNode>
      <HelpTOCNode Id="015bf23c-e316-462c-8215-dd4cda0cc71a" Title="Deck Class" Url="html/cdc135d2-c607-72c0-f6de-9e26cdbf9da9.htm">
        <HelpTOCNode Title="Deck Constructor " Url="html/cf8b2dca-f7c6-2bf0-8fd8-067e07d75d84.htm" />
        <HelpTOCNode Id="9c4580c3-3407-48e8-8972-c8972f7b4e48" Title="Deck Fields" Url="html/b2c86f64-163b-a978-2e74-f5b5e5d5b1c3.htm">
          <HelpTOCNode Title="deckOfCards Field" Url="html/453c931f-9bae-89b5-d510-010e854c52c0.htm" />
        </HelpTOCNode>
        <HelpTOCNode Id="c1d669c4-df51-4282-9452-fdcd773c331e" Title="Deck Methods" Url="html/e0b2fcaa-39b7-4a4c-e201-b1b4fcafd188.htm">
          <HelpTOCNode Title="getDeck Method " Url="html/35f51255-c5fb-8ab9-21bf-f5c8b52f8abe.htm" />
          <HelpTOCNode Title="getShuffledDeck Method " Url="html/ebbeea8b-707e-dd60-3a32-056b3b01d5eb.htm" />
          <HelpTOCNode Title="setDeck Method " Url="html/5921ac5b-b4d4-361f-5529-0f0047ebef13.htm" />
          <HelpTOCNode Title="toString Method " Url="html/3f806d27-e710-c074-8bf3-374081cccacf.htm" />
        </HelpTOCNode>
      </HelpTOCNode>
      <HelpTOCNode Id="80eed0e6-e4cf-4772-bc87-ce3158ad4ff2" Title="GameController Class" Url="html/4085065b-6a5f-a6b4-9a57-1a5d8d6ad489.htm">
        <HelpTOCNode Title="GameController Constructor " Url="html/3c5e790a-bdbb-8fc0-6808-458fe6fab24c.htm" />
        <HelpTOCNode Id="116e6ea1-f856-4615-98b7-480ba8f28ca6" Title="GameController Fields" Url="html/924a6016-e95e-fd68-2bfe-26286115e67f.htm">
          <HelpTOCNode Title="dealer Field" Url="html/1742fcf1-1950-0166-f89f-822fac58e6ad.htm" />
          <HelpTOCNode Title="deck Field" Url="html/4b10dc60-d778-80e1-2809-8ef727fa2d61.htm" />
          <HelpTOCNode Title="player Field" Url="html/a3e2978d-10f9-f3ca-acde-61dd73a54a63.htm" />
          <HelpTOCNode Title="pot Field" Url="html/2eeb2214-4f1f-b44b-21ad-9100a03c7f41.htm" />
        </HelpTOCNode>
        <HelpTOCNode Id="04039607-4808-4092-acdd-c0ca96ae4bb5" Title="GameController Methods" Url="html/1c73c7db-5b16-43a8-fa84-b58aefe78584.htm">
          <HelpTOCNode Title="busted Method " Url="html/b7039d7a-5f97-8f44-31cf-2eb029fa29b5.htm" />
          <HelpTOCNode Title="deal Method " Url="html/4d650912-dff9-5206-82e0-ae360cdaa665.htm" />
          <HelpTOCNode Title="dealerHit Method " Url="html/5fd93820-d61f-f7cf-d341-ceaf43e05c6b.htm" />
          <HelpTOCNode Title="gameOverState Method " Url="html/cf38c527-1d1d-b89a-c84a-cf461b03ce4e.htm" />
          <HelpTOCNode Title="getBet Method " Url="html/f84bef32-01d5-b0de-a16c-63f5fae67462.htm" />
          <HelpTOCNode Title="getData Method " Url="html/9f69b38e-2c48-c943-5047-a241e29f6588.htm" />
          <HelpTOCNode Title="getDealer Method " Url="html/8f2d9ed9-90b1-cd26-8ebe-b0ac84b91858.htm" />
          <HelpTOCNode Title="getPlayer Method " Url="html/7dd6a3a2-bbd5-2b7b-071b-8defb5fb08f8.htm" />
          <HelpTOCNode Title="hit Method " Url="html/6e880a0b-03fe-830a-e515-8a34e2cbebdf.htm" />
          <HelpTOCNode Title="hitOrStay Method " Url="html/f336e51b-6072-238f-b36b-76cfa18bf0d6.htm" />
          <HelpTOCNode Title="play Method " Url="html/93fa5f86-094c-c3b4-1cca-1868420e51f1.htm" />
          <HelpTOCNode Title="sendData Method " Url="html/6e63018b-480a-5b03-42bf-78e03c17289e.htm" />
          <HelpTOCNode Title="setDealer Method " Url="html/af41364b-6c8a-4923-9cbe-c0f7a89a1792.htm" />
          <HelpTOCNode Title="setDeck Method " Url="html/c0ce8194-2175-c614-1356-c8addedd48da.htm" />
          <HelpTOCNode Title="setDefaultPlayer Method " Url="html/95a622fb-f260-af76-d10b-e93cbeb350de.htm" />
          <HelpTOCNode Title="setNewDeck Method " Url="html/a2dde0d2-0325-b199-a8dc-008276287e20.htm" />
          <HelpTOCNode Title="setPot Method " Url="html/6189fc4f-9e1b-21fa-cd50-a350c8bb0500.htm" />
          <HelpTOCNode Title="startPlaying Method " Url="html/27d3842b-86d1-3e33-9ea1-6cb28adfd574.htm" />
          <HelpTOCNode Title="test Method " Url="html/64128794-2818-4ac3-f632-d595e9ea0438.htm" />
        </HelpTOCNode>
      </HelpTOCNode>
      <HelpTOCNode Title="Invoker Delegate" Url="html/03f5a792-57ef-ba40-d46f-17d5ad5b72be.htm" />
      <HelpTOCNode Id="803b4ff1-0bc6-4775-b84c-89463923693a" Title="LynxTagVisualization Class" Url="html/fae13ab6-4ea1-31dc-ecd5-584d49062937.htm">
        <HelpTOCNode Title="LynxTagVisualization Constructor " Url="html/c8b98883-79e3-db70-893b-710d23ba366c.htm" />
        <HelpTOCNode Id="01a569f1-9a64-4aab-bacf-4aaf74f103b4" Title="LynxTagVisualization Fields" Url="html/2df82954-48f5-dc55-ccf1-4c8292bd231d.htm">
          <HelpTOCNode Title="_contentLoaded Field" Url="html/4ecbbde0-c16f-2c2c-099b-c702792cd636.htm" />
        </HelpTOCNode>
        <HelpTOCNode Id="e6e003cd-7d9f-4c0e-a16c-b2697605f2dc" Title="LynxTagVisualization Methods" Url="html/102f9cbb-0abb-e3a3-d862-aa959419aa51.htm">
          <HelpTOCNode Title="IComponentConnector.Connect Method " Url="html/cc67c522-961a-a29d-1d0e-881e41ee3242.htm" />
          <HelpTOCNode Title="InitializeComponent Method " Url="html/80e4801f-da12-9821-3dbe-6abc92c9bf41.htm" />
          <HelpTOCNode Title="TagVisualization1_Loaded Method " Url="html/d29cba07-d0a7-c174-eac9-e48de6b7d49e.htm" />
        </HelpTOCNode>
        <HelpTOCNode Title="LynxTagVisualization Properties" Url="html/befc1080-7f59-7561-c549-14dc016b664e.htm" />
        <HelpTOCNode Title="LynxTagVisualization Events" Url="html/ac1a3bb4-eeb2-f3c7-1d7b-4c1aa9635db8.htm" />
      </HelpTOCNode>
      <HelpTOCNode Id="d2a1fea1-a714-4aa0-8d1e-0b50bf49b0b2" Title="MainWindow Class" Url="html/a1004b35-7bb2-b734-955e-507cd7425cb3.htm">
        <HelpTOCNode Title="MainWindow Constructor " Url="html/b15f208a-9268-f8ba-190f-6d7328839de2.htm" />
        <HelpTOCNode Id="4c433ca3-67d3-44f2-b3f0-d025f99bafa7" Title="MainWindow Fields" Url="html/a7294195-3ebf-fc82-3ec6-97c3b7832f01.htm">
          <HelpTOCNode Title="_contentLoaded Field" Url="html/25ca4d94-81ba-ef96-99fc-870ab84397e5.htm" />
          <HelpTOCNode Title="AllPoints Field" Url="html/d7ef5219-65e0-bc3c-8a05-28dc52b686f6.htm" />
          <HelpTOCNode Title="betAmount Field" Url="html/67cf7d7f-f6a0-4955-bc5c-4d5005c90d46.htm" />
          <HelpTOCNode Title="binArray Field" Url="html/faa7227e-1ee5-3a65-4905-27c75cfa110a.htm" />
          <HelpTOCNode Title="binaryList Field" Url="html/83e57cb1-9cfa-21c2-ca8b-c21bc87f9e12.htm" />
          <HelpTOCNode Title="button0 Field" Url="html/f91ee520-f75c-228e-f6a3-b9034b84c592.htm" />
          <HelpTOCNode Title="canvas Field" Url="html/4bf29898-4de0-5550-86c7-d178dcf039df.htm" />
          <HelpTOCNode Title="cardCounter Field" Url="html/a67d54e6-6850-dc66-ad30-c2f44846ea31.htm" />
          <HelpTOCNode Title="cardList Field" Url="html/a25b3e35-bcfa-9158-b84e-8e4ce68eae48.htm" />
          <HelpTOCNode Title="chipLabel Field" Url="html/23d624af-6142-8c7f-ad23-1f1eb17d0b57.htm" />
          <HelpTOCNode Title="command Field" Url="html/5665bf37-2ab2-149e-4a55-50f7f94d93ff.htm" />
          <HelpTOCNode Title="controller Field" Url="html/9437d509-77b8-93c9-17bd-28fd00ae4684.htm" />
          <HelpTOCNode Title="counter Field" Url="html/2878c83a-21b9-66d3-f713-108d3eebb851.htm" />
          <HelpTOCNode Title="dealer Field" Url="html/ff5ba633-eb6b-af07-516f-d8d1fe00cfe4.htm" />
          <HelpTOCNode Title="flashDist Field" Url="html/246ddf05-66fe-32c9-ebc6-2eaa4d1590bd.htm" />
          <HelpTOCNode Title="flip Field" Url="html/26710884-7d9b-0753-feda-71f20dddc470.htm" />
          <HelpTOCNode Title="imgArray Field" Url="html/10cd9441-a7a6-e128-6780-2d791dbf8458.htm" />
          <HelpTOCNode Title="labels Field" Url="html/1736bbff-95f7-0ce3-222b-79eef6b0974d.htm" />
          <HelpTOCNode Title="lbl1 Field" Url="html/d96a2b99-89b2-3163-aae9-dd45b82f1196.htm" />
          <HelpTOCNode Title="lbl2 Field" Url="html/3d63f8b0-19a6-9741-5416-b482c4e7c311.htm" />
          <HelpTOCNode Title="lbl3 Field" Url="html/e9fc0fb1-2b7b-6b3c-5cdc-815ad4b152e8.htm" />
          <HelpTOCNode Title="lbl4 Field" Url="html/8948f33d-0fd2-181a-bfa0-b9b2c93672d3.htm" />
          <HelpTOCNode Title="lbl5 Field" Url="html/f6bd473a-2e7b-4f18-7085-c7f3dd0c6859.htm" />
          <HelpTOCNode Title="lbl6 Field" Url="html/182170c9-f81a-1d61-4532-602561502775.htm" />
          <HelpTOCNode Title="lbl7 Field" Url="html/96027020-ef3f-99d6-e92f-43c35e2bb072.htm" />
          <HelpTOCNode Title="lbl8 Field" Url="html/dffb3e63-0a62-62bd-65d0-f0b74161e0d9.htm" />
          <HelpTOCNode Title="lineList Field" Url="html/6a2fd776-8f16-fd50-b679-c562640ae1aa.htm" />
          <HelpTOCNode Title="lineList2 Field" Url="html/9be69e8b-bf20-7d7b-f345-bbf5c60f8569.htm" />
          <HelpTOCNode Title="loadingImg Field" Url="html/cd65d89e-8fef-3d46-f2c3-5b6866b66d6a.htm" />
          <HelpTOCNode Title="LynxRect Field" Url="html/a31291ac-8b0a-2946-5849-55a4375c3cb1.htm" />
          <HelpTOCNode Title="myGrid Field" Url="html/2a0108aa-53bf-9d8e-6691-b8a07787bab0.htm" />
          <HelpTOCNode Title="myTag Field" Url="html/ea1a3d1d-2fd0-d49c-4853-b3424fc26eef.htm" />
          <HelpTOCNode Title="orientation Field" Url="html/51dc760a-eed2-abcf-9c09-f08f2ec36428.htm" />
          <HelpTOCNode Title="player Field" Url="html/9b59eba9-5f5a-768f-3a69-655291d19208.htm" />
          <HelpTOCNode Title="pot Field" Url="html/3cce7b2c-668e-dbc3-c153-6a086dcceca0.htm" />
          <HelpTOCNode Title="potLabel Field" Url="html/b9509b86-85fd-2721-9cd5-2aa08b42ed8b.htm" />
          <HelpTOCNode Title="sPanel Field" Url="html/4f10e26b-4395-9025-5dbd-abe119156fee.htm" />
          <HelpTOCNode Title="str Field" Url="html/d293682a-6939-b8ec-6263-168cf34ec211.htm" />
          <HelpTOCNode Title="temp Field" Url="html/27527c34-2026-7554-6504-32aa0bf5392b.htm" />
          <HelpTOCNode Title="temp1 Field" Url="html/060bc867-26af-3c86-c348-1e604329e1b4.htm" />
          <HelpTOCNode Title="textBox Field" Url="html/c2e3dd29-96d2-2189-ab33-e56c86fcb11a.htm" />
          <HelpTOCNode Title="TheTimer Field" Url="html/ca2d87a4-2106-369f-9fb3-f3c43086b012.htm" />
          <HelpTOCNode Title="welcomeFlag Field" Url="html/83675298-924c-c3f1-1b4c-9dde7271fe93.htm" />
          <HelpTOCNode Title="x1AxisRecieveUpdated Field" Url="html/5e3fcdae-cd38-6cb3-e1ba-8607fbb95bc6.htm" />
          <HelpTOCNode Title="xAxisRecieve Field" Url="html/02cb35fa-4935-0faa-b7a5-284bcfdeaa7c.htm" />
          <HelpTOCNode Title="xAxisSend Field" Url="html/0c052d9f-7039-d0dd-7242-8d1db3d21f8e.htm" />
          <HelpTOCNode Title="xAxisTag Field" Url="html/4bb9f30c-892c-97e3-cc5e-a50c5ca5c1d4.htm" />
          <HelpTOCNode Title="xLoc Field" Url="html/42884454-5d58-3c2b-0561-91f5fd993888.htm" />
          <HelpTOCNode Title="y1AxisRecieveUpdated Field" Url="html/5801159c-f197-97d5-bf57-399255040e7e.htm" />
          <HelpTOCNode Title="yAxisRecieve Field" Url="html/5dfc476a-f1e9-8f28-4b7e-bb7fe642c9f4.htm" />
          <HelpTOCNode Title="yAxisSend Field" Url="html/c0835272-39f3-3a54-b546-3822af48d81a.htm" />
          <HelpTOCNode Title="yAxisTag Field" Url="html/89da513d-c78c-b463-d787-81447015ca24.htm" />
        </HelpTOCNode>
        <HelpTOCNode Id="6bc2d49a-4795-40d9-b8ad-478ecc28b50d" Title="MainWindow Methods" Url="html/6da43790-ee0b-b1df-14d0-01cb0ff3ca40.htm">
          <HelpTOCNode Title="IComponentConnector.Connect Method " Url="html/c3908486-a241-6919-b039-92dea3d96968.htm" />
          <HelpTOCNode Title="AddWindowAvailabilityHandlers Method " Url="html/1c142310-c33f-8a6e-9e74-488abf84e1aa.htm" />
          <HelpTOCNode Title="ClearCards Method " Url="html/bdf23fd6-c4a9-b717-1369-29cb74416b12.htm" />
          <HelpTOCNode Title="constructBin Method " Url="html/39462047-0c5a-c430-42fe-649dd0715712.htm" />
          <HelpTOCNode Title="ConvertToBinary Method " Url="html/f2faca09-6536-0d09-2027-b553ca88c3c0.htm" />
          <HelpTOCNode Title="drawboxes Method " Url="html/668b77cc-9851-b544-a41a-66066fb38c81.htm" />
          <HelpTOCNode Title="GetBytesFromBinaryString Method " Url="html/f0b85e36-e42e-69fb-2cd1-5a6065455594.htm" />
          <HelpTOCNode Title="HandleEsc Method " Url="html/ba534842-4752-8208-e31f-f58d7bff5f8b.htm" />
          <HelpTOCNode Title="Init Method " Url="html/efe35a08-613e-1483-9a77-4111191c5e1e.htm" />
          <HelpTOCNode Title="InitializeComponent Method " Url="html/042feedc-8e09-45e7-7703-b5771d282b6f.htm" />
          <HelpTOCNode Title="OnClosed Method " Url="html/98768422-6904-8d48-fece-d76c92bab928.htm" />
          <HelpTOCNode Title="onReceivedData Method " Url="html/a50409fe-7dd3-4ad7-a819-e857a64ded99.htm" />
          <HelpTOCNode Title="OnVisualizationAdded Method " Url="html/8ce2bc5e-e440-0e3e-4f96-9eced5ab8c61.htm" />
          <HelpTOCNode Title="OnVisualizationMoved Method " Url="html/8d9eaf8c-6d59-4bc4-8014-0638bd77bad6.htm" />
          <HelpTOCNode Title="OnVisualizationRemoved Method " Url="html/8d01a21c-80eb-d463-a250-e7e00a85c6c8.htm" />
          <HelpTOCNode Title="OnWindowInteractive Method " Url="html/e90432fd-7445-06f7-f168-8f67f67d084c.htm" />
          <HelpTOCNode Title="OnWindowNoninteractive Method " Url="html/eb5b715d-b950-5dc9-abb2-c97d118e4686.htm" />
          <HelpTOCNode Title="OnWindowUnavailable Method " Url="html/8f0bc072-b8b2-f0ca-dad6-68598632e69e.htm" />
          <HelpTOCNode Title="RemoveWindowAvailabilityHandlers Method " Url="html/e7aaa8af-f455-7f1c-f796-4631d904925b.htm" />
          <HelpTOCNode Title="sendData Method " Url="html/b347ce09-641f-9fd3-39de-0c50dae5d96e.htm" />
          <HelpTOCNode Title="start_button_Click Method " Url="html/5c250805-df16-1c93-e123-b6b8efbc0ca0.htm" />
          <HelpTOCNode Title="timer_Tick Method " Url="html/8018b40f-39ac-64f7-9c79-37b655f21348.htm" />
          <HelpTOCNode Title="Touch_FrameReported Method " Url="html/15df8a1e-78c3-d333-46e4-36f6b831a95b.htm" />
          <HelpTOCNode Title="transferStringBuilder Method " Url="html/ec46a15d-1b12-dd58-371d-fdefc332b214.htm" />
        </HelpTOCNode>
        <HelpTOCNode Title="MainWindow Properties" Url="html/24287398-8ab8-d283-8aff-611b2e0643df.htm" />
        <HelpTOCNode Title="MainWindow Events" Url="html/a1e5c632-a9a7-dde7-246c-1edc17bed754.htm" />
      </HelpTOCNode>
      <HelpTOCNode Id="b099c47a-d3b3-4ac5-85ca-5c85a2c27ad0" Title="Player Class" Url="html/667d8d65-51e8-d4bd-0fc1-4f07a40a2af1.htm">
        <HelpTOCNode Title="Player Constructor " Url="html/24dad9d8-d9f9-0d98-1f0e-9c5010b51ec0.htm" />
        <HelpTOCNode Id="a064332e-0ead-4ff0-870b-a424ae7744f3" Title="Player Fields" Url="html/874726cf-87c9-19ed-0ab0-0036bae76721.htm">
          <HelpTOCNode Title="hand Field" Url="html/93d47c67-24a6-ef17-1c9b-049795fde6c5.htm" />
          <HelpTOCNode Title="id Field" Url="html/188a988a-608b-f325-4753-787908d77202.htm" />
          <HelpTOCNode Title="score Field" Url="html/8b9c6444-bb11-9b84-0988-0c19c44ef1a3.htm" />
          <HelpTOCNode Title="wallet Field" Url="html/85c26e83-370e-7a41-5538-cbdaba8db0f5.htm" />
        </HelpTOCNode>
        <HelpTOCNode Id="7797eb4d-ca24-4353-9b60-c9eae9ce815a" Title="Player Methods" Url="html/e3fbe1e2-a0b5-7e87-3023-629ded8e3953.htm">
          <HelpTOCNode Title="calculateScore Method " Url="html/083b6c4d-9899-5765-de71-1a6cb8fc6ff9.htm" />
          <HelpTOCNode Title="dealerToString Method " Url="html/412d97b9-238c-6490-bdb6-cf4671c43409.htm" />
          <HelpTOCNode Title="findAce Method " Url="html/70a08c2b-a5c3-2547-a96f-55eab3a1fef8.htm" />
          <HelpTOCNode Title="getHand Method " Url="html/e585a0df-f273-7309-fac1-66e608d23aee.htm" />
          <HelpTOCNode Title="getID Method " Url="html/8dd75dd5-ef46-e5b9-7f80-2828ecf1ad95.htm" />
          <HelpTOCNode Title="getScore Method " Url="html/df1f7ebd-7be4-6839-47d0-e251efa2ed4f.htm" />
          <HelpTOCNode Title="getWallet Method " Url="html/82f16238-f62d-85e3-3e53-79cac59c944a.htm" />
          <HelpTOCNode Title="handString Method " Url="html/dd4b9c43-baae-1795-62a2-99cb9318b110.htm" />
          <HelpTOCNode Title="hasAce Method " Url="html/909e74e9-938c-2d56-7769-c9232103bfee.htm" />
          <HelpTOCNode Title="reset Method " Url="html/4713ca56-2b7b-d6af-a110-ab4fe59c65dd.htm" />
          <HelpTOCNode Title="setHand Method " Url="html/611db857-c56f-98ec-db71-de6bf547d616.htm" />
          <HelpTOCNode Title="setID Method " Url="html/676637f3-8d86-5b3b-7a2d-5e7367a824df.htm" />
          <HelpTOCNode Title="setScore Method " Url="html/14323d43-354b-8519-9237-d37a888784d3.htm" />
          <HelpTOCNode Title="setWallet Method " Url="html/1d562b1e-013e-6d02-377f-898f87706315.htm" />
          <HelpTOCNode Title="toString Method " Url="html/a85e304e-609c-61fa-f1b4-e1f830b5c5a3.htm" />
        </HelpTOCNode>
      </HelpTOCNode>
      <HelpTOCNode Id="0c0c2378-5663-4d57-985c-21d4ce3fe865" Title="Splash Class" Url="html/e263a730-9616-79d1-9263-e935c09fcd9e.htm">
        <HelpTOCNode Title="Splash Constructor " Url="html/ec1e2833-90a6-f57a-9653-52533bc3c4e2.htm" />
        <HelpTOCNode Id="a1703197-8768-45c4-be03-78d8033704bf" Title="Splash Fields" Url="html/07a5d204-4076-c08b-d799-7a9b767e1197.htm">
          <HelpTOCNode Title="_contentLoaded Field" Url="html/5be0f17e-88e0-319f-d555-4a168b007cb2.htm" />
          <HelpTOCNode Title="label1 Field" Url="html/3db9615e-75b8-63a5-7c43-c903050fa94c.htm" />
          <HelpTOCNode Title="label2 Field" Url="html/4c55b1b3-cbb0-3235-6724-4a2fae0b6f45.htm" />
          <HelpTOCNode Title="progBar Field" Url="html/1751e03c-e97b-49c0-e239-4a1f0a971207.htm" />
        </HelpTOCNode>
        <HelpTOCNode Id="b7dd9c19-cea8-4a4d-af7a-cd185df4d42c" Title="Splash Methods" Url="html/eb812556-861e-3809-a0ba-08a22c5ac824.htm">
          <HelpTOCNode Title="IComponentConnector.Connect Method " Url="html/28ecbb34-53f1-4194-7bd3-996bdba783cb.htm" />
          <HelpTOCNode Title="InitializeComponent Method " Url="html/dfeb1220-e40c-d741-b0fc-b0dd4afafef3.htm" />
          <HelpTOCNode Title="SetProgress Method " Url="html/54f2fc0d-8e6f-78f3-3ee0-d424bacda099.htm" />
          <HelpTOCNode Title="Splash_Loaded Method " Url="html/93163e43-1af0-293c-4390-2f997b14db49.htm" />
        </HelpTOCNode>
        <HelpTOCNode Title="Splash Properties" Url="html/eea443ad-82ee-23a5-0e94-8855307c5579.htm" />
        <HelpTOCNode Title="Splash Events" Url="html/7022f29f-da1c-7ceb-de2a-bb2beafff0a0.htm" />
      </HelpTOCNode>
    </HelpTOCNode>
    <HelpTOCNode Id="8de2f81a-b081-4474-bf45-41f4396a1468" Title="TransferSystem" Url="html/76a77da2-8eb1-b4f1-3482-d661e67c5064.htm">
      <HelpTOCNode Id="1f5ee983-36f4-405f-ad79-3c39934a4e15" Title="Lynx Class" Url="html/0ab6ccdc-1004-e4d5-54df-2ed4b5d1bce2.htm">
        <HelpTOCNode Title="Lynx Constructor " Url="html/c312361d-6b53-36c4-8903-99b298b32a06.htm" />
        <HelpTOCNode Title="Lynx Methods" Url="html/e61e420d-4ff8-d826-3b60-c9b855b2eddf.htm" />
        <HelpTOCNode Id="71c4ab28-872a-476f-ae36-004c5ce0190d" Title="Lynx Properties" Url="html/ab387e8f-6380-8812-70bc-58bdb07ff4cd.htm">
          <HelpTOCNode Title="distance Property " Url="html/c24dbd0f-98c8-7ab5-6108-3e784aeac95f.htm" />
          <HelpTOCNode Title="heading Property " Url="html/4d748867-9211-924c-8290-5597cb2425a5.htm" />
          <HelpTOCNode Title="id Property " Url="html/0a85a4ca-8bdc-562a-7509-436f3fb2cef9.htm" />
          <HelpTOCNode Title="tagX Property " Url="html/5720c1b4-843d-81a9-fc27-d6e994c083b6.htm" />
          <HelpTOCNode Title="tagY Property " Url="html/09e05e2b-1dcb-5aba-4453-fdc6249650b0.htm" />
          <HelpTOCNode Title="xRecFirst Property " Url="html/51cc3460-8250-13b3-ed96-d01af5684fe4.htm" />
          <HelpTOCNode Title="xSendFirst Property " Url="html/ba8f9d2c-cfd9-03c5-f897-b32f2f9e1c94.htm" />
          <HelpTOCNode Title="yRecFirst Property " Url="html/f8ec72f2-c348-2e9f-112d-8fd88afd8b67.htm" />
          <HelpTOCNode Title="ySendFirst Property " Url="html/240bcb56-4f6e-b200-7703-8daa69282cee.htm" />
        </HelpTOCNode>
      </HelpTOCNode>
      <HelpTOCNode Id="72676610-f675-4ddc-bddd-a318cfb43126" Title="LynxErrorArgs Class" Url="html/66d5a465-2d2d-930a-c608-b0d1b0a5d675.htm">
        <HelpTOCNode Title="LynxErrorArgs Constructor " Url="html/3ea4c02a-dc4b-c7cb-3093-7ee875b1ea3e.htm" />
        <HelpTOCNode Id="29180b21-56c0-4436-afce-be00d37712fb" Title="LynxErrorArgs Fields" Url="html/bacb4d02-3244-61dc-a90f-dc511f44d1d3.htm">
          <HelpTOCNode Title="ccheck Field" Url="html/40e27a64-0c21-82f0-a29c-f1d4603428a1.htm" />
          <HelpTOCNode Title="rcheck Field" Url="html/27400ecf-6f73-ed76-755e-fd270b76d0ba.htm" />
        </HelpTOCNode>
        <HelpTOCNode Title="LynxErrorArgs Methods" Url="html/e0ed5ae1-318c-05b7-345a-a92df18c9af7.htm" />
        <HelpTOCNode Id="b2b469f0-f831-4b78-991a-156909980d42" Title="LynxErrorArgs Properties" Url="html/9b3964a7-6d14-8a75-0879-549db4c95659.htm">
          <HelpTOCNode Title="CalculatedChecksum Property " Url="html/39091b0a-6327-402f-4b29-563d70dce604.htm" />
          <HelpTOCNode Title="ReceivedChecksum Property " Url="html/03421222-3bc6-62fc-9320-661ed9d97ee2.htm" />
        </HelpTOCNode>
      </HelpTOCNode>
      <HelpTOCNode Id="eb247413-4d95-4b7a-b808-67a433fe32fc" Title="LynxReceivedArgs Class" Url="html/570b6842-b539-15ac-16f8-f31935abb345.htm">
        <HelpTOCNode Title="LynxReceivedArgs Constructor " Url="html/48ef1869-21c6-9c0e-2cf1-2eacd2b18fea.htm" />
        <HelpTOCNode Id="1c5f70c7-5b83-4e69-92f5-ecdf0eb0a482" Title="LynxReceivedArgs Fields" Url="html/8ef0bc5a-6e99-1bf9-46e6-6a9ac5c8597b.htm">
          <HelpTOCNode Title="data Field" Url="html/f7b09269-4f8d-9c7e-1a09-288e06768d02.htm" />
          <HelpTOCNode Title="type Field" Url="html/b70ba6cc-dd88-d887-3b53-9d2c9644a8c1.htm" />
        </HelpTOCNode>
        <HelpTOCNode Title="LynxReceivedArgs Methods" Url="html/5806a164-f687-33b7-ad74-71ce6e624698.htm" />
        <HelpTOCNode Id="d49ef733-0114-4d40-80ca-a2e25ca59212" Title="LynxReceivedArgs Properties" Url="html/96a6e763-ff3e-be48-6baa-345a55fc16a5.htm">
          <HelpTOCNode Title="Data Property " Url="html/3ca5db38-026f-4157-f85b-9054aa0d49b6.htm" />
          <HelpTOCNode Title="Type Property " Url="html/d04afda0-ff2c-90f4-bc7a-ae0d370b11ab.htm" />
        </HelpTOCNode>
      </HelpTOCNode>
      <HelpTOCNode Title="sendType Enumeration" Url="html/bfc0f9b3-962c-caee-799d-79ac89a50e1e.htm" />
      <HelpTOCNode Id="3c725e93-9b53-4b54-9414-ed04f67d16fb" Title="TransferManager Class" Url="html/803f897a-10f1-1af6-99da-93d6d5b136de.htm">
        <HelpTOCNode Title="TransferManager Constructor " Url="html/954ae666-79ba-53b6-f623-4e07ade3a2c1.htm" />
        <HelpTOCNode Id="0000b498-2071-425a-8bb1-871ec977d7d7" Title="TransferManager Fields" Url="html/e93dc2b8-afb1-07d4-2b0e-a4679effafaf.htm">
          <HelpTOCNode Title="checksum Field" Url="html/943ed626-e11d-4056-2f5d-1313948587f0.htm" />
          <HelpTOCNode Title="currentRID Field" Url="html/718fb42d-c0ad-6ec9-6220-6f295c643b33.htm" />
          <HelpTOCNode Title="DataReset Field" Url="html/de8d3f43-8879-c861-bdfb-0751d8aa73c7.htm" />
          <HelpTOCNode Title="flags Field" Url="html/3f153204-3e26-f80b-da51-29dd8f654982.htm" />
          <HelpTOCNode Title="grid Field" Url="html/6230abab-8819-7db7-b979-442f5a6b143b.htm" />
          <HelpTOCNode Title="hasRead Field" Url="html/aad698f7-c919-d168-0c94-da4c74ccc262.htm" />
          <HelpTOCNode Title="hasWritten Field" Url="html/62e88857-73ec-ca7c-6e5f-3b33a77958a0.htm" />
          <HelpTOCNode Title="headerInProgress Field" Url="html/3284ad34-4a81-badd-1f30-0bea81fc2cfb.htm" />
          <HelpTOCNode Title="length Field" Url="html/5a365529-4382-a8a3-ffae-bd47c9af600d.htm" />
          <HelpTOCNode Title="lightMatrix Field" Url="html/78dd3217-12e5-951a-8130-ab5e03541b7a.htm" />
          <HelpTOCNode Title="LynxAvailable Field" Url="html/f9173f4c-9d9f-f166-5bc5-852639d15621.htm" />
          <HelpTOCNode Title="lynxHasRead Field" Url="html/d03a8a22-691f-fc97-5624-1000617b8bc9.htm" />
          <HelpTOCNode Title="lynxHasWritten Field" Url="html/9145b578-3b75-155a-6928-a7ff970e0173.htm" />
          <HelpTOCNode Title="offset Field" Url="html/eb12418b-904c-e19f-71f7-63395c178550.htm" />
          <HelpTOCNode Title="receiveBuffer Field" Url="html/f52f4a85-9537-8e27-72ad-f3b096b0f28f.htm" />
          <HelpTOCNode Title="rIndex Field" Url="html/6e1abd9e-8fd4-9abc-f090-b213090cd919.htm" />
          <HelpTOCNode Title="sendBuffer Field" Url="html/eebd24c7-572e-fec4-d8c1-285bb84b83bc.htm" />
          <HelpTOCNode Title="sendingOffset Field" Url="html/44c2a728-39c6-b558-95f0-0e2962667400.htm" />
          <HelpTOCNode Title="sIndex Field" Url="html/c837730e-9e7a-6d93-2f9a-f0f7d53272c7.htm" />
          <HelpTOCNode Title="toReceive Field" Url="html/2014ec3b-6832-2631-dded-1f7ded648198.htm" />
          <HelpTOCNode Title="toSend Field" Url="html/d6b67889-95f3-025d-3b21-0ad6e246d85d.htm" />
          <HelpTOCNode Title="type Field" Url="html/0d86a8af-eda6-36c8-2962-bf1189193b4b.htm" />
        </HelpTOCNode>
        <HelpTOCNode Id="f1d8e154-94e5-495f-9e04-37990debdd1e" Title="TransferManager Methods" Url="html/5c36d005-fcd7-81ea-7935-cd2650e8c931.htm">
          <HelpTOCNode Title="addFrameReporter Method " Url="html/b6f30f2c-ce8a-b103-7728-5fb821f6d640.htm" />
          <HelpTOCNode Title="addTagListener Method " Url="html/394c62f3-4674-9c80-c9c9-d480293e6ffa.htm" />
          <HelpTOCNode Title="addTouchListener Method " Url="html/1a69e643-1920-7781-d853-1a2017d916e1.htm" />
          <HelpTOCNode Title="Blackout Method " Url="html/76e7c9cf-5b89-1f73-29bf-2b5fb03eb649.htm" />
          <HelpTOCNode Title="calculateByte Method " Url="html/d2e9dd18-4f61-aff6-9704-efeb2acf66e4.htm" />
          <HelpTOCNode Title="doubleBuffer Method " Url="html/f66f2ed2-f482-cf94-86a2-ee8de831a309.htm" />
          <HelpTOCNode Title="feedback Method " Url="html/d6130292-8e30-fa74-ccbb-2deed7a9d828.htm" />
          <HelpTOCNode Title="formHeader Method " Url="html/0fa3e5f2-ad36-ddd7-b189-a6d21d390ce0.htm" />
          <HelpTOCNode Title="isLynxAvailable Method " Url="html/eb6b5db4-5b43-f74f-49ac-8ca5711121f2.htm" />
          <HelpTOCNode Title="onFrameReported Method " Url="html/6f4bbff6-e64e-4c78-b8a2-5efbe0dac7a6.htm" />
          <HelpTOCNode Title="onTagAdded Method " Url="html/c56cef21-0dc2-61e4-2553-4d325e9bce48.htm" />
          <HelpTOCNode Title="onTagMoved Method " Url="html/f556f44d-691c-ceb3-e4cd-642bdc0290cc.htm" />
          <HelpTOCNode Title="onTagRemoved Method " Url="html/9a20fd9c-3713-3d6d-d7df-dd8134982406.htm" />
          <HelpTOCNode Id="d3c47b07-a13a-4f3a-9dad-ccc15fde21ed" Title="push Method " Url="html/3b870b69-125c-b003-19be-51ae893c1414.htm">
            <HelpTOCNode Title="push Method (Char)" Url="html/df5e1fbf-3e70-51ba-263b-17da055f2d4f.htm" />
            <HelpTOCNode Title="push Method (Object)" Url="html/d54abd03-d3b9-379c-5825-1559ed80f4b6.htm" />
            <HelpTOCNode Title="push Method (String)" Url="html/8de3ae69-1928-cef0-bc20-8218e0f8cd5e.htm" />
          </HelpTOCNode>
          <HelpTOCNode Title="receive Method " Url="html/36e8d557-45f1-55ab-b42a-34c06a619364.htm" />
          <HelpTOCNode Title="send Method " Url="html/45a7b338-ae2d-ec8f-16e5-f1d7973e9cb4.htm" />
          <HelpTOCNode Title="translateBinary Method " Url="html/83301d6e-6f76-5aac-f19c-8ee7aa97a06a.htm" />
        </HelpTOCNode>
        <HelpTOCNode Id="7d6530fd-de3d-4a17-925e-158885174fa4" Title="TransferManager Properties" Url="html/63b8211d-6559-69ad-94af-c6a5e89bde6f.htm">
          <HelpTOCNode Title="lynx Property " Url="html/ccf055d6-b6d2-95a9-beed-4725976e0f11.htm" />
        </HelpTOCNode>
        <HelpTOCNode Id="10c96c78-bd3a-4e7e-94b8-2f08e8e66deb" Title="TransferManager Events" Url="html/a433119d-0510-8296-f7a7-323890804fe9.htm">
          <HelpTOCNode Title="ReceivedData Event" Url="html/cc2c3c44-960d-2b8c-2385-e5816a500ee4.htm" />
          <HelpTOCNode Title="ReceivedError Event" Url="html/f0d3a535-6d16-2d95-d40e-99eb98423336.htm" />
        </HelpTOCNode>
      </HelpTOCNode>
      <HelpTOCNode Title="TransferManager.ReceivedErrorEventHandler Delegate" Url="html/80280a60-4d25-34f1-9e86-54c373abbd3d.htm" />
      <HelpTOCNode Title="TransferManager.ReceivedEventHandler Delegate" Url="html/67e00f73-d933-243e-5a04-c8c23b8a3648.htm" />
    </HelpTOCNode>
  </HelpTOCNode>
</HelpTOC>
